inventory_id,audit_month,restaurant_id,restaurant_name,city,ingredient_id,ingredient_name,category,unit_of_measure,cost_per_unit,opening_stock,purchases_received,actual_closing_stock,theoretical_pos_usage,actual_total_usage,variance_qty,variance_cost_usd
INV-10001,01-12-2025,RST-100,The Downtown Bistro,New York,ING-001,Prime Angus Beef Patty,Meat & Poultry,lbs,6.5,394.62,165.17,359.43,192.86,200.36,7.5,48.75
INV-10002,01-10-2025,RST-100,The Downtown Bistro,New York,ING-001,Prime Angus Beef Patty,Meat & Poultry,lbs,6.5,852.79,1272.58,1408.75,710.06,716.62,6.56,42.64
INV-10003,01-01-2025,RST-100,The Downtown Bistro,New York,ING-001,Prime Angus Beef Patty,Meat & Poultry,lbs,6.5,601.65,409.53,,497.57,503.29,5.72,37.18
INV-10004,01-09-2025,RST-100,The Downtown Bistro,New York,ING-001,Prime Angus Beef Patty,Meat & Poultry,lbs,6.5,453.73,638.39,729.12,359.91,363,3.09,20.09
INV-10005,01-06-2025,RST-100,The Downtown Bistro,New York,ING-001,Prime Angus Beef Patty,Meat & Poultry,lbs,6.5,318.4,187.88,337.54,158.89,168.74,9.85,64.02
INV-10006,01-08-2025,RST-100,The Downtown Bistro,New York,ING-002,Chicken Breast,Meat & Poultry,lbs,4.2,427.9,361.35,435.56,350.52,353.69,3.17,13.31
INV-10007,01-10-2025,RST-100,The Downtown Bistro,New York,ING-002,Chicken Breast,Meat & Poultry,lbs,4.2,1084.43,888.65,1426.4,544.12,546.68,2.56,10.75
INV-10008,01-06-2025,RST-100,The Downtown Bistro,New York,ING-002,Chicken Breast,Meat & Poultry,lbs,4.2,508.94,550.89,700.81,354.19,359.02,4.83,20.29
INV-10009,01-03-2025,RST-100,The Downtown Bistro,New York,ING-003,Ribeye Steak,Meat & Poultry,lbs,14.5,919.5,696.41,915.28,699.22,700.63,1.41,20.45
INV-10010,01-01-2025,RST-100,The Downtown Bistro,New York,ING-003,Ribeye Steak,Meat & Poultry,lbs,14.5,531.13,333.68,544.89,311.46,319.92,8.46,122.67
INV-10011,01-07-2025,RST-100,The Downtown Bistro,New York,ING-003,Ribeye Steak,Meat & Poultry,lbs,14.5,,445.63,630.95,331.89,334.16,2.27,32.91
INV-10012,01-05-2025,RST-100,The Downtown Bistro,New York,ING-003,Ribeye Steak,Meat & Poultry,lbs,14.5,805.94,1110.43,1286.99,621.43,629.38,7.95,115.28
INV-10013,01-05-2025,RST-100,The Downtown Bistro,New York,ING-004,Pork Shoulder,Meat & Poultry,lbs,3.8,1250.16,863.3,1585.21,523.2,528.25,5.05,19.19
INV-10014,01-04-2025,RST-100,The Downtown Bistro,New York,ING-004,Pork Shoulder,Meat & Poultry,lbs,3.8,272.53,237.98,341.5,162.02,169.01,6.99,26.56
INV-10015,01-02-2025,RST-100,The Downtown Bistro,New York,ING-004,Pork Shoulder,Meat & Poultry,lbs,3.8,754.18,659.3,924.69,484.34,488.79,4.45,16.91
INV-10016,01-06-2025,RST-100,The Downtown Bistro,New York,ING-004,Pork Shoulder,Meat & Poultry,lbs,3.8,1685.33,1113.31,2063.91,731.61,734.73,3.12,11.86
INV-10017,01-07-2025,RST-100,The Downtown Bistro,New York,ING-004,Pork Shoulder,Meat & Poultry,lbs,3.8,333.73,402.5,467.79,266.44,268.44,2,7.6
INV-10018,01-02-2025,RST-100,The Downtown Bistro,New York,ING-005,Ground Turkey,Meat & Poultry,lbs,4,660.11,785.85,988.67,450.9,457.29,6.39,25.56
INV-10019,01-10-2025,RST-100,The Downtown Bistro,New York,ING-005,Ground Turkey,Meat & Poultry,lbs,4,1293.31,785.69,1523.73,551.61,555.27,3.66,14.64
INV-10020,01-11-2025,RST-100,The Downtown Bistro,New York,ING-005,Ground Turkey,Meat & Poultry,lbs,4,302.33,171.68,300.69,168.57,173.32,4.75,19
INV-10021,01-04-2025,RST-100,The Downtown Bistro,New York,ING-006,Atlantic Salmon Fillet,Seafood,lbs,11.5,166.4,110.85,174.43,100.34,102.82,2.48,28.52
INV-10022,01-02-2025,RST-100,The Downtown Bistro,New York,ING-006,Atlantic Salmon Fillet,Seafood,lbs,11.5,818.43,667.36,1035.21,447.16,450.58,3.42,39.33
INV-10023,01-03-2025,RST-100,The Downtown Bistro,New York,ING-006,Atlantic Salmon Fillet,Seafood,lbs,11.5,367.01,263.53,365.84,258.68,264.7,6.02,69.23
INV-10024,01-05-2025,RST-100,The Downtown Bistro,New York,ING-006,Atlantic Salmon Fillet,Seafood,lbs,11.5,465.57,382.03,481.89,362.49,365.71,3.22,37.03
INV-10025,01-09-2025,RST-100,The Downtown Bistro,New York,ING-007,Jumbo Shrimp,Seafood,lbs,12,208.5,227.99,299.87,133.46,136.62,3.16,37.92
INV-10026,01-06-2025,RST-100,The Downtown Bistro,New York,ING-007,Jumbo Shrimp,Seafood,lbs,12,356.57,346.74,505.95,194.18,197.36,3.18,38.16
INV-10027,01-04-2025,RST-100,The Downtown Bistro,New York,ING-007,Jumbo Shrimp,Seafood,lbs,12,1175.85,557.1,1188.51,536.89,544.44,7.55,90.6
INV-10028,01-12-2025,RST-100,The Downtown Bistro,New York,ING-007,Jumbo Shrimp,Seafood,lbs,12,685.58,486.05,826.75,339.06,344.88,5.82,69.84
INV-10029,01-07-2025,RST-100,The Downtown Bistro,New York,ING-007,Jumbo Shrimp,Seafood,lbs,12,362.75,177.86,379.24,158.69,161.37,2.68,32.16
INV-10030,01-01-2025,RST-100,The Downtown Bistro,New York,ING-008,Yellowfin Tuna,Seafood,lbs,16,1221.26,937.37,1438.75,711.34,719.88,8.54,136.64
INV-10031,01-08-2025,RST-100,The Downtown Bistro,New York,ING-008,Yellowfin Tuna,Seafood,lbs,16,1162.4,544.09,1161.42,539.2,545.07,5.87,93.92
INV-10032,01-06-2025,RST-100,The Downtown Bistro,New York,ING-008,Yellowfin Tuna,Seafood,lbs,16,826.8,538.43,803.13,552.26,562.1,9.84,157.44
INV-10033,01-09-2025,RST-100,The Downtown Bistro,New York,ING-009,Lobster Tail,Seafood,lbs,22,1504.36,783.33,1628.37,650.33,659.32,8.99,197.78
INV-10034,01-12-2025,RST-100,The Downtown Bistro,New York,ING-009,Lobster Tail,Seafood,lbs,22,1578.1,1035.39,1953.37,653.1,660.12,7.02,154.44
INV-10035,01-04-2025,RST-100,The Downtown Bistro,New York,ING-009,Lobster Tail,Seafood,lbs,22,804.01,830.83,1147.63,477.45,487.21,9.76,214.72
INV-10036,01-09-2025,RST-100,The Downtown Bistro,New York,ING-010,Aged Cheddar Slices,Dairy & Cheese,lbs,5.1,676.11,451.58,807.54,311.51,320.15,8.64,44.06
INV-10037,01-11-2025,RST-100,The Downtown Bistro,New York,ING-010,Aged Cheddar Slices,Dairy & Cheese,lbs,5.1,1022.62,471.37,962.23,527.45,531.76,4.31,21.98
INV-10038,01-07-2025,RST-100,The Downtown Bistro,New York,ING-010,Aged Cheddar Slices,Dairy & Cheese,lbs,5.1,413.25,482.93,619.26,272.38,276.92,4.54,23.15
INV-10039,01-10-2025,RST-100,The Downtown Bistro,New York,ING-010,Aged Cheddar Slices,Dairy & Cheese,lbs,5.1,1373.58,1084.2,1772.43,679.83,685.35,5.52,28.15
INV-10040,01-08-2025,RST-100,The Downtown Bistro,New York,ING-011,Mozzarella Cheese,Dairy & Cheese,lbs,4.5,661.61,436.01,806.33,281.71,291.29,9.58,43.11
INV-10041,01-06-2025,RST-100,The Downtown Bistro,New York,ING-011,Mozzarella Cheese,Dairy & Cheese,lbs,4.5,604.34,432.26,,314.99,324.81,9.82,44.19
INV-10042,01-02-2025,RST-100,The Downtown Bistro,New York,ING-011,Mozzarella Cheese,Dairy & Cheese,lbs,4.5,237.98,147.63,233.21,148.98,152.4,3.42,15.39
INV-10043,01-11-2025,RST-100,The Downtown Bistro,New York,ING-011,Mozzarella Cheese,Dairy & Cheese,lbs,4.5,699.79,496.31,772.07,415.43,424.03,8.6,38.7
INV-10044,01-09-2025,RST-100,The Downtown Bistro,New York,ING-011,Mozzarella Cheese,Dairy & Cheese,lbs,4.5,909.9,710.79,909.14,704.51,711.55,7.04,31.68
INV-10045,01-05-2025,RST-100,The Downtown Bistro,New York,ING-012,Heavy Cream,Dairy & Cheese,quarts,3.2,728.25,560.28,825.89,459.33,462.64,3.31,10.59
INV-10046,01-04-2025,RST-100,The Downtown Bistro,New York,ING-012,Heavy Cream,Dairy & Cheese,quarts,3.2,649.74,400.56,546.17,497.48,504.13,6.65,21.28
INV-10047,01-08-2025,RST-100,The Downtown Bistro,New York,ING-012,Heavy Cream,Dairy & Cheese,quarts,3.2,292.4,270.81,335.47,226.28,227.74,1.46,4.67
INV-10048,01-03-2025,RST-100,The Downtown Bistro,New York,ING-012,Heavy Cream,Dairy & Cheese,quarts,3.2,835.84,932.53,1087.12,676.3,681.25,4.95,15.84
INV-10049,01-06-2025,RST-100,The Downtown Bistro,New York,ING-012,Heavy Cream,Dairy & Cheese,quarts,3.2,873.19,512.69,839.22,536.82,546.66,9.84,31.49
INV-10050,01-07-2025,RST-100,The Downtown Bistro,New York,ING-013,Unsalted Butter,Dairy & Cheese,lbs,3.8,990.99,1126.42,1474.18,638.11,643.23,5.12,19.46
INV-10051,01-05-2025,RST-100,The Downtown Bistro,New York,ING-013,Unsalted Butter,Dairy & Cheese,lbs,3.8,940.34,784.12,1069.85,647.31,654.61,7.3,27.74
INV-10052,01-09-2025,RST-100,The Downtown Bistro,New York,ING-013,Unsalted Butter,Dairy & Cheese,lbs,3.8,260.69,336.09,399.42,189.93,197.36,7.43,28.23
INV-10053,01-08-2025,RST-100,The Downtown Bistro,New York,ING-013,Unsalted Butter,Dairy & Cheese,lbs,3.8,217.71,156.27,239.59,126.69,134.39,7.7,29.26
INV-10054,01-06-2025,RST-100,The Downtown Bistro,New York,ING-014,Parmesan Reggiano,Dairy & Cheese,lbs,9.5,307.63,272.11,370.63,201.68,209.11,7.43,70.58
INV-10055,01-03-2025,RST-100,The Downtown Bistro,New York,ING-014,Parmesan Reggiano,Dairy & Cheese,lbs,9.5,827.51,928.55,1219.29,529.13,536.77,7.64,72.58
INV-10056,01-02-2025,RST-100,The Downtown Bistro,New York,ING-014,Parmesan Reggiano,Dairy & Cheese,lbs,9.5,918.47,561.42,1016.33,460.33,463.56,3.23,30.68
INV-10057,01-08-2025,RST-100,The Downtown Bistro,New York,ING-014,Parmesan Reggiano,Dairy & Cheese,lbs,9.5,724.13,269.87,,331.38,333.42,2.04,19.38
INV-10058,01-06-2025,RST-100,The Downtown Bistro,New York,ING-015,Hass Avocado,Produce,units,1.25,6746.98,3042.41,6920.47,2867.78,2868.92,1.14,1.42
INV-10059,01-08-2025,RST-100,The Downtown Bistro,New York,ING-015,Hass Avocado,Produce,units,1.25,5233.64,3786.33,6185.88,2826.93,2834.09,7.16,8.95
INV-10060,01-02-2025,RST-100,The Downtown Bistro,New York,ING-015,Hass Avocado,Produce,units,1.25,4857.05,3490.61,6337.65,2001.21,2010.01,8.8,11
INV-10061,01-10-2025,RST-100,The Downtown Bistro,New York,ING-016,Romaine Lettuce,Produce,lbs,1.8,,735.7,1374.81,506.86,509.72,2.86,5.15
INV-10062,01-06-2025,RST-100,The Downtown Bistro,New York,ING-016,Romaine Lettuce,Produce,lbs,1.8,411.26,327.36,459.2,278.07,279.42,1.35,2.43
INV-10063,01-11-2025,RST-100,The Downtown Bistro,New York,ING-016,Romaine Lettuce,Produce,lbs,1.8,821.82,730.58,1046.06,501.87,506.34,4.47,8.05
INV-10064,01-09-2025,RST-100,The Downtown Bistro,New York,ING-016,Romaine Lettuce,Produce,lbs,1.8,892.13,576.01,919.63,543.05,548.51,5.46,9.83
INV-10065,01-05-2025,RST-100,The Downtown Bistro,New York,ING-016,Romaine Lettuce,Produce,lbs,1.8,909.69,955.82,1313.78,550.38,551.73,1.35,2.43
INV-10066,01-11-2025,RST-100,The Downtown Bistro,New York,ING-017,Idaho Russet Potatoes,Produce,lbs,0.85,993.5,1046.54,1426.64,604.67,613.4,8.73,7.42
INV-10067,01-06-2025,RST-100,The Downtown Bistro,New York,ING-017,Idaho Russet Potatoes,Produce,lbs,0.85,,588.94,1032.59,378.85,380.78,1.93,1.64
INV-10068,01-02-2025,RST-100,The Downtown Bistro,New York,ING-017,Idaho Russet Potatoes,Produce,lbs,0.85,1275.01,1116.82,1701.29,686.66,690.54,3.88,3.3
INV-10069,01-06-2025,RST-100,The Downtown Bistro,New York,ING-018,Roma Tomatoes,Produce,lbs,1.5,761.48,365.36,711.37,413.64,415.47,1.83,2.75
INV-10070,01-05-2025,RST-100,The Downtown Bistro,New York,ING-018,Roma Tomatoes,Produce,lbs,1.5,943.76,497.85,940.5,491.59,501.11,9.52,14.28
INV-10071,01-08-2025,RST-100,The Downtown Bistro,New York,ING-018,Roma Tomatoes,Produce,lbs,1.5,819.07,1052.13,1253.59,607.84,617.61,9.77,14.65
INV-10072,01-02-2025,RST-100,The Downtown Bistro,New York,ING-018,Roma Tomatoes,Produce,lbs,1.5,951.11,1148.72,1346.56,747.36,753.27,5.91,8.87
INV-10073,01-07-2025,RST-100,The Downtown Bistro,New York,ING-018,Roma Tomatoes,Produce,lbs,1.5,1374.2,831.5,1638.38,558.79,567.32,8.53,12.79
INV-10074,01-05-2025,RST-100,The Downtown Bistro,New York,ING-019,Red Onions,Produce,lbs,0.9,492.05,418.45,649.98,251.6,260.52,8.92,8.03
INV-10075,01-11-2025,RST-100,The Downtown Bistro,New York,ING-019,Red Onions,Produce,lbs,0.9,604.16,353.33,699.49,253.85,258,4.15,3.74
INV-10076,01-04-2025,RST-100,The Downtown Bistro,New York,ING-019,Red Onions,Produce,lbs,0.9,1023.24,660.05,1115.62,560.32,567.67,7.35,6.62
INV-10077,01-01-2025,RST-100,The Downtown Bistro,New York,ING-020,Fresh Basil,Produce,bunches,0.3,239.75,256.84,311.65,177.23,184.94,7.71,2.31
INV-10078,01-09-2025,RST-100,The Downtown Bistro,New York,ING-020,Fresh Basil,Produce,bunches,0.3,1174.41,562.99,1254.64,479.19,482.76,3.57,1.07
INV-10079,01-12-2025,RST-100,The Downtown Bistro,New York,ING-020,Fresh Basil,Produce,bunches,0.3,990.69,1171.82,1496.81,664.59,665.7,1.11,0.33
INV-10080,01-06-2025,RST-100,The Downtown Bistro,New York,ING-020,Fresh Basil,Produce,bunches,0.3,917.49,1235.24,1416.56,730.42,736.17,5.75,1.72
INV-10081,01-11-2025,RST-100,The Downtown Bistro,New York,ING-021,Wild Mushrooms,Produce,lbs,6,989.01,788.35,1218.86,552.24,558.5,6.26,37.56
INV-10082,01-07-2025,RST-100,The Downtown Bistro,New York,ING-021,Wild Mushrooms,Produce,lbs,6,863.41,741.27,909.38,685.75,695.3,9.55,57.3
INV-10083,01-06-2025,RST-100,The Downtown Bistro,New York,ING-021,Wild Mushrooms,Produce,lbs,6,1216.42,963.8,1498.05,678.67,682.17,3.5,21
INV-10084,01-08-2025,RST-100,The Downtown Bistro,New York,ING-021,Wild Mushrooms,Produce,lbs,6,400.73,256.37,428.57,222.28,228.53,6.25,37.5
INV-10085,01-02-2025,RST-100,The Downtown Bistro,New York,ING-021,Wild Mushrooms,Produce,lbs,6,371.31,268.88,482.38,150.53,157.81,7.28,43.68
INV-10086,01-07-2025,RST-100,The Downtown Bistro,New York,ING-022,Spinach,Produce,lbs,2.2,1238.91,982.49,1500.78,711.35,720.62,9.27,20.39
INV-10087,01-11-2025,RST-100,The Downtown Bistro,New York,ING-022,Spinach,Produce,lbs,2.2,359.82,207.86,411.41,153.79,156.27,2.48,5.46
INV-10088,01-03-2025,RST-100,The Downtown Bistro,New York,ING-022,Spinach,Produce,lbs,2.2,812.1,470.31,905.22,367.32,377.19,9.87,21.71
INV-10089,01-07-2025,RST-100,The Downtown Bistro,New York,ING-023,Brioche Burger Buns,Bakery,units,0.45,2299.75,1266.18,2078.62,1478.53,1487.31,8.78,3.95
INV-10090,01-04-2025,RST-100,The Downtown Bistro,New York,ING-023,Brioche Burger Buns,Bakery,units,0.45,6282.93,4515.92,8279.31,2513.54,2519.54,6,2.7
INV-10091,01-02-2025,RST-100,The Downtown Bistro,New York,ING-023,Brioche Burger Buns,Bakery,units,0.45,5826.14,3958.11,7381.65,2399.37,2402.6,3.23,1.45
INV-10092,01-11-2025,RST-100,The Downtown Bistro,New York,ING-023,Brioche Burger Buns,Bakery,units,0.45,2149.54,2756.33,3328,1571.41,1577.87,6.46,2.91
INV-10093,01-12-2025,RST-100,The Downtown Bistro,New York,ING-023,Brioche Burger Buns,Bakery,units,0.45,2061.75,1410.29,2473.35,994.47,998.69,4.22,1.9
INV-10094,01-08-2025,RST-100,The Downtown Bistro,New York,ING-024,Sourdough Loaf,Bakery,units,2.5,3835.3,4642.9,5555.16,2916.73,2923.04,6.31,15.77
INV-10095,01-05-2025,RST-100,The Downtown Bistro,New York,ING-024,Sourdough Loaf,Bakery,units,2.5,2878.77,2611.72,3835.62,1648.12,1654.87,6.75,16.88
INV-10096,01-01-2025,RST-100,The Downtown Bistro,New York,ING-024,Sourdough Loaf,Bakery,units,2.5,5918.91,3533.41,6949.38,2493.12,2502.94,9.82,24.55
INV-10097,01-04-2025,RST-100,The Downtown Bistro,New York,ING-024,Sourdough Loaf,Bakery,units,2.5,4016.81,2683.93,4717.89,1981.03,1982.85,1.82,4.55
INV-10098,01-11-2025,RST-100,The Downtown Bistro,New York,ING-024,Sourdough Loaf,Bakery,units,2.5,4375.13,2862.87,4940.18,2288.63,2297.82,9.19,22.97
INV-10099,01-11-2025,RST-100,The Downtown Bistro,New York,ING-025,Tortilla Wraps,Bakery,units,0.25,3085.61,2029.38,2709.21,2399.19,2405.78,6.59,1.65
INV-10100,01-12-2025,RST-100,The Downtown Bistro,New York,ING-025,Tortilla Wraps,Bakery,units,0.25,1918.24,1798.06,2408.96,1303.27,1307.34,4.07,1.02
INV-10101,01-09-2025,RST-100,The Downtown Bistro,New York,ING-025,Tortilla Wraps,Bakery,units,0.25,3231.07,2488.26,3917.85,1796.88,1801.48,4.6,1.15
INV-10102,01-06-2025,RST-100,The Downtown Bistro,New York,ING-025,Tortilla Wraps,Bakery,units,0.25,3174.98,3313.16,4269.5,2213.94,2218.64,4.7,1.18
INV-10103,01-08-2025,RST-100,The Downtown Bistro,New York,ING-026,Truffle Mayo,Condiments & Oils,fl oz,0.35,923.55,644.11,1080.77,482.69,486.89,4.2,1.47
INV-10104,01-01-2025,RST-100,The Downtown Bistro,New York,ING-026,Truffle Mayo,Condiments & Oils,fl oz,0.35,3726.04,3079.48,4076.67,2724.96,2728.85,3.89,1.36
INV-10105,01-06-2025,RST-100,The Downtown Bistro,New York,ING-026,Truffle Mayo,Condiments & Oils,fl oz,0.35,1168.24,952.12,1474.8,639.96,645.56,5.6,1.96
INV-10106,01-04-2025,RST-100,The Downtown Bistro,New York,ING-026,Truffle Mayo,Condiments & Oils,fl oz,0.35,1366.14,648.61,1197.8,808.14,816.95,8.81,3.08
INV-10107,01-12-2025,RST-100,The Downtown Bistro,New York,ING-026,Truffle Mayo,Condiments & Oils,fl oz,0.35,1224.89,1107.01,1706.33,619.74,625.57,5.83,2.04
INV-10108,01-11-2025,RST-100,The Downtown Bistro,New York,ING-027,Extra Virgin Olive Oil,Condiments & Oils,fl oz,0.4,5024.38,3388.44,6224.92,2186.63,2187.9,1.27,0.51
INV-10109,01-01-2025,RST-100,The Downtown Bistro,New York,ING-027,Extra Virgin Olive Oil,Condiments & Oils,fl oz,0.4,4407.94,3178.18,4929.42,2654.76,2656.7,1.94,0.78
INV-10110,01-12-2025,RST-100,The Downtown Bistro,New York,ING-027,Extra Virgin Olive Oil,Condiments & Oils,fl oz,0.4,3329.82,3160.65,4164.65,2317.25,2325.82,8.57,3.43
INV-10111,01-04-2025,RST-100,The Downtown Bistro,New York,ING-027,Extra Virgin Olive Oil,Condiments & Oils,fl oz,0.4,1198.1,652.92,1215,631.93,636.02,4.09,1.64
INV-10112,01-06-2025,RST-100,The Downtown Bistro,New York,ING-028,Soy Sauce,Condiments & Oils,fl oz,0.15,1147.99,851.04,1260.51,731.71,738.52,6.81,1.02
INV-10113,01-08-2025,RST-100,The Downtown Bistro,New York,ING-028,Soy Sauce,Condiments & Oils,fl oz,0.15,3132.99,3365.83,4608.35,1884.02,1890.47,6.45,0.97
INV-10114,01-01-2025,RST-100,The Downtown Bistro,New York,ING-028,Soy Sauce,Condiments & Oils,fl oz,0.15,1354.69,968.86,1303.55,1016.79,1020,3.21,0.48
INV-10115,01-01-2025,RST-100,The Downtown Bistro,New York,ING-029,Balsamic Glaze,Condiments & Oils,fl oz,0.5,3529.12,2389.04,4475.39,1434.42,1442.77,8.35,4.17
INV-10116,01-02-2025,RST-100,The Downtown Bistro,New York,ING-029,Balsamic Glaze,Condiments & Oils,fl oz,0.5,1522.49,1572.26,2014.84,1070.55,1079.91,9.36,4.68
INV-10117,01-06-2025,RST-100,The Downtown Bistro,New York,ING-029,Balsamic Glaze,Condiments & Oils,fl oz,0.5,3590.03,1995.35,3729.87,1847.58,1855.51,7.93,3.96
INV-10118,01-04-2025,RST-100,The Downtown Bistro,New York,ING-029,Balsamic Glaze,Condiments & Oils,fl oz,0.5,1436.52,1086.12,1630.76,886.31,891.88,5.57,2.79
INV-10119,01-02-2025,RST-100,The Downtown Bistro,New York,ING-030,Craft IPA Beer Keg,Beverages & Draft,pints,1.1,875.68,499.67,,534.74,536.31,1.57,1.73
INV-10120,01-08-2025,RST-100,The Downtown Bistro,New York,ING-030,Craft IPA Beer Keg,Beverages & Draft,pints,1.1,4814.92,4787.61,6625.34,2973.9,2977.19,3.29,3.62
INV-10121,01-07-2025,RST-100,The Downtown Bistro,New York,ING-030,Craft IPA Beer Keg,Beverages & Draft,pints,1.1,4752.78,3031.2,5606.83,2171.91,2177.15,5.24,5.76
INV-10122,01-04-2025,RST-100,The Downtown Bistro,New York,ING-031,House Red Wine,Beverages & Draft,glasses,2.5,6005.36,2382.1,5570.66,2808.77,2816.8,8.03,20.07
INV-10123,01-07-2025,RST-100,The Downtown Bistro,New York,ING-031,House Red Wine,Beverages & Draft,glasses,2.5,5553.68,4083.06,7075.66,2552.65,2561.08,8.43,21.07
INV-10124,01-08-2025,RST-100,The Downtown Bistro,New York,ING-031,House Red Wine,Beverages & Draft,glasses,2.5,1332.64,1268.37,,884.65,893.82,9.17,22.93
INV-10125,01-09-2025,RST-100,The Downtown Bistro,New York,ING-031,House Red Wine,Beverages & Draft,glasses,2.5,2401.2,1812.37,2986.39,1222.11,1227.18,5.07,12.68
INV-10126,01-11-2025,RST-100,The Downtown Bistro,New York,ING-031,House Red Wine,Beverages & Draft,glasses,2.5,5345.34,3212.53,,2255.83,2261.69,5.86,14.65
INV-10127,01-06-2025,RST-100,The Downtown Bistro,New York,ING-032,Espresso Beans,Beverages & Draft,oz,0.6,1704.76,1005.01,2001.83,703.93,707.94,4.01,2.41
INV-10128,01-11-2025,RST-100,The Downtown Bistro,New York,ING-032,Espresso Beans,Beverages & Draft,oz,0.6,1701.21,1082.25,2015.55,762.11,767.91,5.8,3.48
INV-10129,01-03-2025,RST-100,The Downtown Bistro,New York,ING-032,Espresso Beans,Beverages & Draft,oz,0.6,6061.65,2592.48,5926.2,2724.12,2727.93,3.81,2.29
INV-10130,01-04-2025,RST-100,The Downtown Bistro,New York,ING-032,Espresso Beans,Beverages & Draft,oz,0.6,2266.97,871.93,,1046.07,1052.2,6.13,3.68
INV-10131,01-05-2025,RST-100,The Downtown Bistro,New York,ING-032,Espresso Beans,Beverages & Draft,oz,0.6,5574.3,2720.88,5904.4,2382.39,2390.78,8.39,5.03
INV-10132,01-10-2025,RST-100,The Downtown Bistro,New York,ING-033,Cold Brew Concentrate,Beverages & Draft,fl oz,0.45,853.95,589.53,1004.3,431.73,439.18,7.45,3.35
INV-10133,01-02-2025,RST-100,The Downtown Bistro,New York,ING-033,Cold Brew Concentrate,Beverages & Draft,fl oz,0.45,4452.95,3443.35,5934.74,1957.48,1961.56,4.08,1.84
INV-10134,01-01-2025,RST-100,The Downtown Bistro,New York,ING-033,Cold Brew Concentrate,Beverages & Draft,fl oz,0.45,1735.11,1078.26,1815.73,991.11,997.64,6.53,2.94
INV-10135,01-03-2025,RST-100,The Downtown Bistro,New York,ING-033,Cold Brew Concentrate,Beverages & Draft,fl oz,0.45,3826.09,2495.94,3547.91,2770.82,2774.12,3.3,1.48
INV-10136,01-06-2025,RST-100,The Downtown Bistro,New York,ING-033,Cold Brew Concentrate,Beverages & Draft,fl oz,0.45,4509.01,2064.13,4276.02,2287.85,2297.12,9.27,4.17
INV-10137,01-10-2025,RST-101,Uptown Flame & Grill,New York,ING-001,Prime Angus Beef Patty,Meat & Poultry,lbs,6.5,384.6,286.98,501.71,167.76,169.87,2.11,13.71
INV-10138,01-11-2025,RST-101,Uptown Flame & Grill,New York,ING-001,Prime Angus Beef Patty,Meat & Poultry,lbs,6.5,358.52,249.87,346.51,253.34,261.88,8.54,55.51
INV-10139,01-03-2025,RST-101,Uptown Flame & Grill,New York,ING-001,Prime Angus Beef Patty,Meat & Poultry,lbs,6.5,506.98,324.55,509.16,315.9,322.37,6.47,42.05
INV-10140,01-07-2025,RST-101,Uptown Flame & Grill,New York,ING-002,Chicken Breast,Meat & Poultry,lbs,4.2,1076.46,515.06,1138.09,449.31,453.43,4.12,17.3
INV-10141,01-06-2025,RST-101,Uptown Flame & Grill,New York,ING-002,Chicken Breast,Meat & Poultry,lbs,4.2,1035.86,593.64,1045.05,579.38,584.45,5.07,21.29
INV-10142,01-10-2025,RST-101,Uptown Flame & Grill,New York,ING-002,Chicken Breast,Meat & Poultry,lbs,4.2,273.8,248.72,326.19,191.56,196.33,4.77,20.03
INV-10143,01-03-2025,RST-101,Uptown Flame & Grill,New York,ING-002,Chicken Breast,Meat & Poultry,lbs,4.2,1160.84,959.03,1418.53,694.65,701.34,6.69,28.1
INV-10144,01-08-2025,RST-101,Uptown Flame & Grill,New York,ING-002,Chicken Breast,Meat & Poultry,lbs,4.2,223.81,106.13,211.78,108.51,118.16,9.65,40.53
INV-10145,01-12-2025,RST-101,Uptown Flame & Grill,New York,ING-003,Ribeye Steak,Meat & Poultry,lbs,14.5,559.76,237.66,558.26,236.44,239.16,2.72,39.44
INV-10146,01-10-2025,RST-101,Uptown Flame & Grill,New York,ING-003,Ribeye Steak,Meat & Poultry,lbs,14.5,224.46,168.91,268.02,123.76,125.35,1.59,23.05
INV-10147,01-03-2025,RST-101,Uptown Flame & Grill,New York,ING-003,Ribeye Steak,Meat & Poultry,lbs,14.5,1080.88,800.05,1271.87,604.09,609.06,4.97,72.06
INV-10148,01-09-2025,RST-101,Uptown Flame & Grill,New York,ING-004,Pork Shoulder,Meat & Poultry,lbs,3.8,991.14,786.79,1327.09,442.28,450.84,8.56,32.53
INV-10149,01-10-2025,RST-101,Uptown Flame & Grill,New York,ING-004,Pork Shoulder,Meat & Poultry,lbs,3.8,1148.19,896.94,1378.3,663.55,666.83,3.28,12.46
INV-10150,01-12-2025,RST-101,Uptown Flame & Grill,New York,ING-004,Pork Shoulder,Meat & Poultry,lbs,3.8,422.45,317.33,508.26,227.47,231.52,4.05,15.39
INV-10151,01-07-2025,RST-101,Uptown Flame & Grill,New York,ING-004,Pork Shoulder,Meat & Poultry,lbs,3.8,,637.85,1266.79,470.14,477.63,7.49,28.46
INV-10152,01-09-2025,RST-101,Uptown Flame & Grill,New York,ING-005,Ground Turkey,Meat & Poultry,lbs,4,1331.67,533.68,1278.12,578.34,587.23,8.89,35.56
INV-10153,01-01-2025,RST-101,Uptown Flame & Grill,New York,ING-005,Ground Turkey,Meat & Poultry,lbs,4,1095.43,885.93,1456.84,517.9,524.52,6.62,26.48
INV-10154,01-07-2025,RST-101,Uptown Flame & Grill,New York,ING-005,Ground Turkey,Meat & Poultry,lbs,4,723.4,370.21,773.99,318.31,319.62,1.31,5.24
INV-10155,01-03-2025,RST-101,Uptown Flame & Grill,New York,ING-005,Ground Turkey,Meat & Poultry,lbs,4,1055.08,1007.14,1418.03,639.93,644.19,4.26,17.04
INV-10156,01-02-2025,RST-101,Uptown Flame & Grill,New York,ING-005,Ground Turkey,Meat & Poultry,lbs,4,979.88,1170.65,1482.82,659.69,667.71,8.02,32.08
INV-10157,01-12-2025,RST-101,Uptown Flame & Grill,New York,ING-006,Atlantic Salmon Fillet,Seafood,lbs,11.5,536.5,7336.28,692.66,361.66,366.46,120,1380
INV-10158,01-05-2025,RST-101,Uptown Flame & Grill,New York,ING-006,Atlantic Salmon Fillet,Seafood,lbs,11.5,440.91,277.34,525.12,185.98,193.13,7.15,82.23
INV-10159,01-11-2025,RST-101,Uptown Flame & Grill,New York,ING-006,Atlantic Salmon Fillet,Seafood,lbs,11.5,1198.63,1025.04,1583.51,634.68,640.16,5.48,63.02
INV-10160,01-07-2025,RST-101,Uptown Flame & Grill,New York,ING-007,Jumbo Shrimp,Seafood,lbs,12,,957.24,1866.05,685.01,691.41,6.4,76.8
INV-10161,01-03-2025,RST-101,Uptown Flame & Grill,New York,ING-007,Jumbo Shrimp,Seafood,lbs,12,760.07,912.53,1135.56,532.27,537.04,4.77,57.24
INV-10162,01-12-2025,RST-101,Uptown Flame & Grill,New York,ING-007,Jumbo Shrimp,Seafood,lbs,12,654.31,295.63,598.4,349.04,351.54,2.5,30
INV-10163,01-10-2025,RST-101,Uptown Flame & Grill,New York,ING-007,Jumbo Shrimp,Seafood,lbs,12,758.06,813.44,988.57,579.72,582.93,3.21,38.52
INV-10164,01-09-2025,RST-101,Uptown Flame & Grill,New York,ING-008,Yellowfin Tuna,Seafood,lbs,16,1525.88,719.53,1535.19,708.94,710.22,1.28,20.48
INV-10165,01-05-2025,RST-101,Uptown Flame & Grill,New York,ING-008,Yellowfin Tuna,Seafood,lbs,16,533.8,230.29,,270.47,275.94,5.47,87.52
INV-10166,01-10-2025,RST-101,Uptown Flame & Grill,New York,ING-008,Yellowfin Tuna,Seafood,lbs,16,797.56,766.53,1074.18,487.95,489.91,1.96,31.36
INV-10167,01-06-2025,RST-101,Uptown Flame & Grill,New York,ING-009,Lobster Tail,Seafood,lbs,22,181.12,266.13,295.65,150.55,151.6,1.05,23.1
INV-10168,01-12-2025,RST-101,Uptown Flame & Grill,New York,ING-009,Lobster Tail,Seafood,lbs,22,268.72,268.46,360.51,167.01,176.67,9.66,212.52
INV-10169,01-04-2025,RST-101,Uptown Flame & Grill,New York,ING-009,Lobster Tail,Seafood,lbs,22,1286.98,810.63,1482.32,613.51,615.29,1.78,39.16
INV-10170,01-03-2025,RST-101,Uptown Flame & Grill,New York,ING-010,Aged Cheddar Slices,Dairy & Cheese,lbs,5.1,605.57,425.18,785.61,243.79,245.14,1.35,6.88
INV-10171,01-04-2025,RST-101,Uptown Flame & Grill,New York,ING-010,Aged Cheddar Slices,Dairy & Cheese,lbs,5.1,1342.26,547.77,1325.3,558.62,564.73,6.11,31.16
INV-10172,01-12-2025,RST-101,Uptown Flame & Grill,New York,ING-010,Aged Cheddar Slices,Dairy & Cheese,lbs,5.1,864.76,1040.81,1206.82,695.07,698.75,3.68,18.77
INV-10173,01-02-2025,RST-101,Uptown Flame & Grill,New York,ING-010,Aged Cheddar Slices,Dairy & Cheese,lbs,5.1,1725.78,1222.49,2242.14,700.86,706.13,5.27,26.88
INV-10174,01-10-2025,RST-101,Uptown Flame & Grill,New York,ING-010,Aged Cheddar Slices,Dairy & Cheese,lbs,5.1,1517.38,738.98,1587.57,660.33,668.79,8.46,43.15
INV-10175,01-01-2025,RST-101,Uptown Flame & Grill,New York,ING-011,Mozzarella Cheese,Dairy & Cheese,lbs,4.5,1004.07,504.19,1050.96,450.67,457.3,6.63,29.84
INV-10176,01-06-2025,RST-101,Uptown Flame & Grill,New York,ING-011,Mozzarella Cheese,Dairy & Cheese,lbs,4.5,1352.2,698.17,1373.26,675.89,677.11,1.22,5.49
INV-10177,01-12-2025,RST-101,Uptown Flame & Grill,New York,ING-011,Mozzarella Cheese,Dairy & Cheese,lbs,4.5,817.07,1114.61,1260.36,665.56,671.32,5.76,25.92
INV-10178,01-02-2025,RST-101,Uptown Flame & Grill,New York,ING-012,Heavy Cream,Dairy & Cheese,quarts,3.2,1044.78,732.06,1169.82,599.38,607.02,7.64,24.45
INV-10179,01-12-2025,RST-101,Uptown Flame & Grill,New York,ING-012,Heavy Cream,Dairy & Cheese,quarts,3.2,342.9,294.67,378.77,255.21,258.8,3.59,11.49
INV-10180,01-03-2025,RST-101,Uptown Flame & Grill,New York,ING-012,Heavy Cream,Dairy & Cheese,quarts,3.2,439.98,246.4,392.62,292.6,293.76,1.16,3.71
INV-10181,01-09-2025,RST-101,Uptown Flame & Grill,New York,ING-012,Heavy Cream,Dairy & Cheese,quarts,3.2,1303.07,878.79,1432.72,742.02,749.14,7.12,22.78
INV-10182,01-10-2025,RST-101,Uptown Flame & Grill,New York,ING-012,Heavy Cream,Dairy & Cheese,quarts,3.2,588.94,383.69,728.96,241.87,243.67,1.8,5.76
INV-10183,01-09-2025,RST-101,Uptown Flame & Grill,New York,ING-013,Unsalted Butter,Dairy & Cheese,lbs,3.8,569.66,229.97,548.34,249.87,251.29,1.42,5.4
INV-10184,01-05-2025,RST-101,Uptown Flame & Grill,New York,ING-013,Unsalted Butter,Dairy & Cheese,lbs,3.8,436.29,614.45,692.64,349.66,358.1,8.44,32.07
INV-10185,01-10-2025,RST-101,Uptown Flame & Grill,New York,ING-013,Unsalted Butter,Dairy & Cheese,lbs,3.8,1252.61,630.63,1257.08,620.5,626.16,5.66,21.51
INV-10186,01-03-2025,RST-101,Uptown Flame & Grill,New York,ING-013,Unsalted Butter,Dairy & Cheese,lbs,3.8,919.11,517.64,942.88,488.23,493.87,5.64,21.43
INV-10187,01-09-2025,RST-101,Uptown Flame & Grill,New York,ING-014,Parmesan Reggiano,Dairy & Cheese,lbs,9.5,373.27,169.93,381.56,159.47,161.64,2.17,20.61
INV-10188,01-04-2025,RST-101,Uptown Flame & Grill,New York,ING-014,Parmesan Reggiano,Dairy & Cheese,lbs,9.5,1655.15,1126.41,2095.58,677.69,685.98,8.29,78.75
INV-10189,01-02-2025,RST-101,Uptown Flame & Grill,New York,ING-014,Parmesan Reggiano,Dairy & Cheese,lbs,9.5,1007.7,466.48,943.59,525.91,530.59,4.68,44.46
INV-10190,01-11-2025,RST-101,Uptown Flame & Grill,New York,ING-014,Parmesan Reggiano,Dairy & Cheese,lbs,9.5,526.27,521.39,699.95,342.25,347.71,5.46,51.87
INV-10191,01-04-2025,RST-101,Uptown Flame & Grill,New York,ING-015,Hass Avocado,Produce,units,1.25,2714.8,1781.32,3188.42,1304.3,1307.7,3.4,4.25
INV-10192,01-10-2025,RST-101,Uptown Flame & Grill,New York,ING-015,Hass Avocado,Produce,units,1.25,6004.16,3915.13,7226.19,2684.44,2693.1,8.66,10.82
INV-10193,01-09-2025,RST-101,Uptown Flame & Grill,New York,ING-015,Hass Avocado,Produce,units,1.25,5630.83,4346.2,7314.79,2654.96,2662.24,7.28,9.1
INV-10194,01-03-2025,RST-101,Uptown Flame & Grill,New York,ING-015,Hass Avocado,Produce,units,1.25,4345.84,3366.86,5541.9,2168.37,2170.8,2.43,3.04
INV-10195,01-04-2025,RST-101,Uptown Flame & Grill,New York,ING-016,Romaine Lettuce,Produce,lbs,1.8,,156.8,246.45,100.73,104.06,3.33,5.99
INV-10196,01-01-2025,RST-101,Uptown Flame & Grill,New York,ING-016,Romaine Lettuce,Produce,lbs,1.8,295.31,254.06,317.79,225.54,231.58,6.04,10.87
INV-10197,01-06-2025,RST-101,Uptown Flame & Grill,New York,ING-016,Romaine Lettuce,Produce,lbs,1.8,296.21,141.83,254.37,175.3,183.67,8.37,15.07
INV-10198,01-11-2025,RST-101,Uptown Flame & Grill,New York,ING-016,Romaine Lettuce,Produce,lbs,1.8,287.78,150.17,249.57,183.49,188.38,4.89,8.8
INV-10199,01-05-2025,RST-101,Uptown Flame & Grill,New York,ING-016,Romaine Lettuce,Produce,lbs,1.8,1104.67,632.83,1083.64,646.08,653.86,7.78,14
INV-10200,01-07-2025,RST-101,Uptown Flame & Grill,New York,ING-017,Idaho Russet Potatoes,Produce,lbs,0.85,520.09,356.72,460.32,407.82,416.49,8.67,7.37
INV-10201,01-05-2025,RST-101,Uptown Flame & Grill,New York,ING-017,Idaho Russet Potatoes,Produce,lbs,0.85,1545.85,926.49,1721.91,743.6,750.43,6.83,5.81
INV-10202,01-06-2025,RST-101,Uptown Flame & Grill,New York,ING-017,Idaho Russet Potatoes,Produce,lbs,0.85,826.18,421.01,752.44,486.36,494.75,8.39,7.13
INV-10203,01-09-2025,RST-101,Uptown Flame & Grill,New York,ING-017,Idaho Russet Potatoes,Produce,lbs,0.85,773.73,359.63,790.66,341.69,342.7,1.01,0.86
INV-10204,01-11-2025,RST-101,Uptown Flame & Grill,New York,ING-018,Roma Tomatoes,Produce,lbs,1.5,1112.22,582.05,1142.39,542.32,551.88,9.56,14.34
INV-10205,01-07-2025,RST-101,Uptown Flame & Grill,New York,ING-018,Roma Tomatoes,Produce,lbs,1.5,349.22,345.57,491.82,198.19,202.97,4.78,7.17
INV-10206,01-12-2025,RST-101,Uptown Flame & Grill,New York,ING-018,Roma Tomatoes,Produce,lbs,1.5,884.26,553.26,912.62,515.04,524.9,9.86,14.79
INV-10207,01-09-2025,RST-101,Uptown Flame & Grill,New York,ING-018,Roma Tomatoes,Produce,lbs,1.5,864.78,377.04,872.83,366.07,368.99,2.92,4.38
INV-10208,01-03-2025,RST-101,Uptown Flame & Grill,New York,ING-019,Red Onions,Produce,lbs,0.9,1381.46,938.33,1712.05,601.1,607.74,6.64,5.98
INV-10209,01-10-2025,RST-101,Uptown Flame & Grill,New York,ING-019,Red Onions,Produce,lbs,0.9,230.21,318.89,357.24,185.31,191.86,6.55,5.89
INV-10210,01-12-2025,RST-101,Uptown Flame & Grill,New York,ING-019,Red Onions,Produce,lbs,0.9,1128,566.67,1074.79,617.75,619.88,2.13,1.92
INV-10211,01-11-2025,RST-101,Uptown Flame & Grill,New York,ING-020,Fresh Basil,Produce,bunches,0.3,139.19,128.25,154.57,107.55,112.87,5.32,1.6
INV-10212,01-07-2025,RST-101,Uptown Flame & Grill,New York,ING-020,Fresh Basil,Produce,bunches,0.3,773.8,732.56,1007.61,490.01,498.75,8.74,2.62
INV-10213,01-01-2025,RST-101,Uptown Flame & Grill,New York,ING-020,Fresh Basil,Produce,bunches,0.3,759.54,777.14,927.84,606.9,608.84,1.94,0.58
INV-10214,01-11-2025,RST-101,Uptown Flame & Grill,New York,ING-021,Wild Mushrooms,Produce,lbs,6,278.63,247.45,377.27,147.07,148.81,1.74,10.44
INV-10215,01-03-2025,RST-101,Uptown Flame & Grill,New York,ING-021,Wild Mushrooms,Produce,lbs,6,1058.91,713.57,1126.75,635.93,645.73,9.8,58.8
INV-10216,01-05-2025,RST-101,Uptown Flame & Grill,New York,ING-021,Wild Mushrooms,Produce,lbs,6,484.44,373.84,626.35,230.56,231.93,1.37,8.22
INV-10217,01-05-2025,RST-101,Uptown Flame & Grill,New York,ING-022,Spinach,Produce,lbs,2.2,1019.44,1003,1399.6,621.12,622.84,1.72,3.78
INV-10218,01-10-2025,RST-101,Uptown Flame & Grill,New York,ING-022,Spinach,Produce,lbs,2.2,,1102.4,1718.89,681.63,686.7,5.07,11.15
INV-10219,01-04-2025,RST-101,Uptown Flame & Grill,New York,ING-022,Spinach,Produce,lbs,2.2,976.7,793.87,1250.51,518.33,520.06,1.73,3.81
INV-10220,01-08-2025,RST-101,Uptown Flame & Grill,New York,ING-023,Brioche Burger Buns,Bakery,units,0.45,1919.7,1468.95,1859.96,1527.5,1528.69,1.19,0.54
INV-10221,01-11-2025,RST-101,Uptown Flame & Grill,New York,ING-023,Brioche Burger Buns,Bakery,units,0.45,3424.74,2817.16,4137.98,2098.48,2103.92,5.44,2.45
INV-10222,01-05-2025,RST-101,Uptown Flame & Grill,New York,ING-023,Brioche Burger Buns,Bakery,units,0.45,1055.18,624.55,1062.99,611.97,616.74,4.77,2.15
INV-10223,01-01-2025,RST-101,Uptown Flame & Grill,New York,ING-023,Brioche Burger Buns,Bakery,units,0.45,2130.5,905.32,2096.87,929.3,938.95,9.65,4.34
INV-10224,01-03-2025,RST-101,Uptown Flame & Grill,New York,ING-024,Sourdough Loaf,Bakery,units,2.5,3411.1,1440.15,3110.3,1736.39,1740.95,4.56,11.4
INV-10225,01-01-2025,RST-101,Uptown Flame & Grill,New York,ING-024,Sourdough Loaf,Bakery,units,2.5,3906.81,3147.82,5071.64,1976.09,1982.99,6.9,17.25
INV-10226,01-02-2025,RST-101,Uptown Flame & Grill,New York,ING-024,Sourdough Loaf,Bakery,units,2.5,4674.95,3453.75,5144.7,2979.55,2984,4.45,11.12
INV-10227,01-10-2025,RST-101,Uptown Flame & Grill,New York,ING-024,Sourdough Loaf,Bakery,units,2.5,3684.28,1668.78,3733.97,1611.11,1619.09,7.98,19.95
INV-10228,01-04-2025,RST-101,Uptown Flame & Grill,New York,ING-025,Tortilla Wraps,Bakery,units,0.25,4738.89,3502.61,5573.32,2663.95,2668.18,4.23,1.06
INV-10229,01-03-2025,RST-101,Uptown Flame & Grill,New York,ING-025,Tortilla Wraps,Bakery,units,0.25,2742.77,2312.69,3104.07,1941.67,1951.39,9.72,2.43
INV-10230,01-11-2025,RST-101,Uptown Flame & Grill,New York,ING-025,Tortilla Wraps,Bakery,units,0.25,2199.88,1205.25,2326.02,1071.15,1079.11,7.96,1.99
INV-10231,01-01-2025,RST-101,Uptown Flame & Grill,New York,ING-025,Tortilla Wraps,Bakery,units,0.25,1821.63,928.14,2006.38,740.27,743.39,3.12,0.78
INV-10232,01-02-2025,RST-101,Uptown Flame & Grill,New York,ING-026,Truffle Mayo,Condiments & Oils,fl oz,0.35,1182.97,698.04,1039.07,834.31,841.94,7.63,2.67
INV-10233,01-07-2025,RST-101,Uptown Flame & Grill,New York,ING-026,Truffle Mayo,Condiments & Oils,fl oz,0.35,3862.78,3495.33,5223.97,2125.89,2134.14,8.25,2.89
INV-10234,01-08-2025,RST-101,Uptown Flame & Grill,New York,ING-026,Truffle Mayo,Condiments & Oils,fl oz,0.35,4475.68,1933.15,4484.9,1921.92,1923.93,2.01,0.7
INV-10235,01-12-2025,RST-101,Uptown Flame & Grill,New York,ING-026,Truffle Mayo,Condiments & Oils,fl oz,0.35,1403.35,1466.08,1758.65,1101.35,1110.78,9.43,3.3
INV-10236,01-03-2025,RST-101,Uptown Flame & Grill,New York,ING-026,Truffle Mayo,Condiments & Oils,fl oz,0.35,682.48,628.97,799.76,502.29,511.69,9.4,3.29
INV-10237,01-08-2025,RST-101,Uptown Flame & Grill,New York,ING-027,Extra Virgin Olive Oil,Condiments & Oils,fl oz,0.4,4800.27,35620.25,5319.83,2061.71,2067.35,141,56.4
INV-10238,01-11-2025,RST-101,Uptown Flame & Grill,New York,ING-027,Extra Virgin Olive Oil,Condiments & Oils,fl oz,0.4,3453.83,1570.16,3351.72,1671,1672.27,1.27,0.51
INV-10239,01-09-2025,RST-101,Uptown Flame & Grill,New York,ING-027,Extra Virgin Olive Oil,Condiments & Oils,fl oz,0.4,2540.61,1202.85,2535.78,1200.62,1207.68,7.06,2.82
INV-10240,01-10-2025,RST-101,Uptown Flame & Grill,New York,ING-028,Soy Sauce,Condiments & Oils,fl oz,0.15,5963.96,3704.73,6806.13,2856,2862.56,6.56,0.98
INV-10241,01-04-2025,RST-101,Uptown Flame & Grill,New York,ING-028,Soy Sauce,Condiments & Oils,fl oz,0.15,5163.52,2208.12,4703.11,2659.15,2668.53,9.38,1.41
INV-10242,01-03-2025,RST-101,Uptown Flame & Grill,New York,ING-028,Soy Sauce,Condiments & Oils,fl oz,0.15,4559.79,2227.14,4587.23,2192.77,2199.7,6.93,1.04
INV-10243,01-11-2025,RST-101,Uptown Flame & Grill,New York,ING-028,Soy Sauce,Condiments & Oils,fl oz,0.15,2914.46,1291.03,2774.52,1424.05,1430.97,6.92,1.04
INV-10244,01-02-2025,RST-101,Uptown Flame & Grill,New York,ING-029,Balsamic Glaze,Condiments & Oils,fl oz,0.5,1398.6,1070.11,1775.69,683.69,693.02,9.33,4.67
INV-10245,01-04-2025,RST-101,Uptown Flame & Grill,New York,ING-029,Balsamic Glaze,Condiments & Oils,fl oz,0.5,3650.78,2582.69,4690.37,1539.25,1543.1,3.85,1.93
INV-10246,01-03-2025,RST-101,Uptown Flame & Grill,New York,ING-029,Balsamic Glaze,Condiments & Oils,fl oz,0.5,4489.62,2916.73,4740.37,2659.14,2665.98,6.84,3.42
INV-10247,01-12-2025,RST-101,Uptown Flame & Grill,New York,ING-029,Balsamic Glaze,Condiments & Oils,fl oz,0.5,2531.74,1767.63,3039.51,1253.79,1259.86,6.07,3.04
INV-10248,01-06-2025,RST-101,Uptown Flame & Grill,New York,ING-030,Craft IPA Beer Keg,Beverages & Draft,pints,1.1,4073.16,2794.93,4893.95,1968.97,1974.14,5.17,5.69
INV-10249,01-07-2025,RST-101,Uptown Flame & Grill,New York,ING-030,Craft IPA Beer Keg,Beverages & Draft,pints,1.1,3222.1,1830.15,3659.5,1387.44,1392.75,5.31,5.84
INV-10250,01-05-2025,RST-101,Uptown Flame & Grill,New York,ING-030,Craft IPA Beer Keg,Beverages & Draft,pints,1.1,767.03,550.76,846.53,466.67,471.26,4.59,5.05
INV-10251,01-02-2025,RST-101,Uptown Flame & Grill,New York,ING-030,Craft IPA Beer Keg,Beverages & Draft,pints,1.1,3614,2686.92,4384.59,1908.45,1916.33,7.88,8.67
INV-10252,01-04-2025,RST-101,Uptown Flame & Grill,New York,ING-030,Craft IPA Beer Keg,Beverages & Draft,pints,1.1,5363.26,4412.97,7261.31,2513.76,2514.92,1.16,1.28
INV-10253,01-06-2025,RST-101,Uptown Flame & Grill,New York,ING-031,House Red Wine,Beverages & Draft,glasses,2.5,1282.89,1283.91,1655.24,905.85,911.56,5.71,14.28
INV-10254,01-02-2025,RST-101,Uptown Flame & Grill,New York,ING-031,House Red Wine,Beverages & Draft,glasses,2.5,5159.58,2854.03,5865.13,2142.25,2148.48,6.23,15.58
INV-10255,01-10-2025,RST-101,Uptown Flame & Grill,New York,ING-031,House Red Wine,Beverages & Draft,glasses,2.5,1350.21,759.58,1466.97,633.03,642.82,9.79,24.47
INV-10256,01-01-2025,RST-101,Uptown Flame & Grill,New York,ING-031,House Red Wine,Beverages & Draft,glasses,2.5,4773.7,2345.22,4569.94,2540.25,2548.98,8.73,21.83
INV-10257,01-08-2025,RST-101,Uptown Flame & Grill,New York,ING-031,House Red Wine,Beverages & Draft,glasses,2.5,3570.28,2715.67,3798.38,2479.43,2487.57,8.14,20.35
INV-10258,01-03-2025,RST-101,Uptown Flame & Grill,New York,ING-032,Espresso Beans,Beverages & Draft,oz,0.6,832.71,995.07,1130.15,691.99,697.63,5.64,3.38
INV-10259,01-02-2025,RST-101,Uptown Flame & Grill,New York,ING-032,Espresso Beans,Beverages & Draft,oz,0.6,4336.96,2811.04,5202.23,1943.2,1945.77,2.57,1.54
INV-10260,01-05-2025,RST-101,Uptown Flame & Grill,New York,ING-032,Espresso Beans,Beverages & Draft,oz,0.6,3181.33,2100.6,3937.91,1338.01,1344.02,6.01,3.61
INV-10261,01-09-2025,RST-101,Uptown Flame & Grill,New York,ING-033,Cold Brew Concentrate,Beverages & Draft,fl oz,0.45,3613.97,2803.76,4393.19,2022.03,2024.54,2.51,1.13
INV-10262,01-06-2025,RST-101,Uptown Flame & Grill,New York,ING-033,Cold Brew Concentrate,Beverages & Draft,fl oz,0.45,5376.61,2354.64,5413.52,2315.87,2317.73,1.86,0.84
INV-10263,01-12-2025,RST-101,Uptown Flame & Grill,New York,ING-033,Cold Brew Concentrate,Beverages & Draft,fl oz,0.45,938.87,649.32,1120.81,461.46,467.38,5.92,2.66
INV-10264,01-01-2025,RST-101,Uptown Flame & Grill,New York,ING-033,Cold Brew Concentrate,Beverages & Draft,fl oz,0.45,1713.4,1398.74,2103.61,1003.06,1008.53,5.47,2.46
INV-10265,01-10-2025,RST-101,Uptown Flame & Grill,New York,ING-033,Cold Brew Concentrate,Beverages & Draft,fl oz,0.45,4088.37,4437.95,5553.44,2968.24,2972.88,4.64,2.09
INV-10266,01-10-2025,RST-102,Harborfront Seafood,Boston,ING-001,Prime Angus Beef Patty,Meat & Poultry,lbs,6.5,740.77,418.56,681.61,475.95,477.72,1.77,11.51
INV-10267,01-05-2025,RST-102,Harborfront Seafood,Boston,ING-001,Prime Angus Beef Patty,Meat & Poultry,lbs,6.5,987.38,765.26,1068.38,681.22,684.26,3.04,19.76
INV-10268,01-02-2025,RST-102,Harborfront Seafood,Boston,ING-001,Prime Angus Beef Patty,Meat & Poultry,lbs,6.5,426.75,436.28,530.67,330.75,332.36,1.61,10.46
INV-10269,01-11-2025,RST-102,Harborfront Seafood,Boston,ING-001,Prime Angus Beef Patty,Meat & Poultry,lbs,6.5,932.72,831.12,1134.69,620.23,629.15,8.92,57.98
INV-10270,01-09-2025,RST-102,Harborfront Seafood,Boston,ING-002,Chicken Breast,Meat & Poultry,lbs,4.2,1329.96,846.84,1423.52,747.06,753.28,6.22,26.12
INV-10271,01-01-2025,RST-102,Harborfront Seafood,Boston,ING-002,Chicken Breast,Meat & Poultry,lbs,4.2,386.39,226.29,447.19,157.7,165.49,7.79,32.72
INV-10272,01-05-2025,RST-102,Harborfront Seafood,Boston,ING-002,Chicken Breast,Meat & Poultry,lbs,4.2,365.19,257.76,403.74,210.81,219.21,8.4,35.28
INV-10273,01-07-2025,RST-102,Harborfront Seafood,Boston,ING-002,Chicken Breast,Meat & Poultry,lbs,4.2,160.38,179.55,233.86,100.8,106.07,5.27,22.13
INV-10274,01-11-2025,RST-102,Harborfront Seafood,Boston,ING-003,Ribeye Steak,Meat & Poultry,lbs,14.5,246.08,254.7,331.6,160.4,169.18,8.78,127.31
INV-10275,01-09-2025,RST-102,Harborfront Seafood,Boston,ING-003,Ribeye Steak,Meat & Poultry,lbs,14.5,921.12,475.35,899.38,495.52,497.09,1.57,22.77
INV-10276,01-02-2025,RST-102,Harborfront Seafood,Boston,ING-003,Ribeye Steak,Meat & Poultry,lbs,14.5,263.92,201.47,284.49,176.47,180.9,4.43,64.23
INV-10277,01-10-2025,RST-102,Harborfront Seafood,Boston,ING-003,Ribeye Steak,Meat & Poultry,lbs,14.5,491.17,425.8,583.43,325.11,333.54,8.43,122.23
INV-10278,01-01-2025,RST-102,Harborfront Seafood,Boston,ING-004,Pork Shoulder,Meat & Poultry,lbs,3.8,961.24,1130.82,1436.58,653.43,655.48,2.05,7.79
INV-10279,01-11-2025,RST-102,Harborfront Seafood,Boston,ING-004,Pork Shoulder,Meat & Poultry,lbs,3.8,1070,1059.37,1489.22,631.34,640.15,8.81,33.48
INV-10280,01-09-2025,RST-102,Harborfront Seafood,Boston,ING-004,Pork Shoulder,Meat & Poultry,lbs,3.8,1389.34,689.15,1452.91,623.85,625.58,1.73,6.57
INV-10281,01-05-2025,RST-102,Harborfront Seafood,Boston,ING-004,Pork Shoulder,Meat & Poultry,lbs,3.8,515.98,541.08,691.01,361.94,366.05,4.11,15.62
INV-10282,01-08-2025,RST-102,Harborfront Seafood,Boston,ING-005,Ground Turkey,Meat & Poultry,lbs,4,1084.09,481.63,1066.14,494.06,499.58,5.52,22.08
INV-10283,01-07-2025,RST-102,Harborfront Seafood,Boston,ING-005,Ground Turkey,Meat & Poultry,lbs,4,499.29,419.3,557.85,359.13,360.74,1.61,6.44
INV-10284,01-12-2025,RST-102,Harborfront Seafood,Boston,ING-005,Ground Turkey,Meat & Poultry,lbs,4,160.66,205.9,243.83,116.78,122.73,5.95,23.8
INV-10285,01-03-2025,RST-102,Harborfront Seafood,Boston,ING-005,Ground Turkey,Meat & Poultry,lbs,4,1282.53,809.16,1358.35,727.78,733.34,5.56,22.24
INV-10286,01-01-2025,RST-102,Harborfront Seafood,Boston,ING-006,Atlantic Salmon Fillet,Seafood,lbs,11.5,434.88,369.35,560.01,237.64,244.22,6.58,75.67
INV-10287,01-04-2025,RST-102,Harborfront Seafood,Boston,ING-006,Atlantic Salmon Fillet,Seafood,lbs,11.5,516.01,284.68,505.74,293.28,294.95,1.67,19.2
INV-10288,01-10-2025,RST-102,Harborfront Seafood,Boston,ING-006,Atlantic Salmon Fillet,Seafood,lbs,11.5,940.52,595.22,919.77,608.75,615.97,7.22,83.03
INV-10289,01-11-2025,RST-102,Harborfront Seafood,Boston,ING-006,Atlantic Salmon Fillet,Seafood,lbs,11.5,,516.23,1026.48,501.73,504.82,3.09,35.53
INV-10290,01-01-2025,RST-102,Harborfront Seafood,Boston,ING-007,Jumbo Shrimp,Seafood,lbs,12,380.09,275,420.14,226.5,234.95,8.45,101.4
INV-10291,01-10-2025,RST-102,Harborfront Seafood,Boston,ING-007,Jumbo Shrimp,Seafood,lbs,12,1269.13,467.84,1155.37,576.85,581.6,4.75,57
INV-10292,01-08-2025,RST-102,Harborfront Seafood,Boston,ING-007,Jumbo Shrimp,Seafood,lbs,12,505.75,437.57,522.61,412.87,420.71,7.84,94.08
INV-10293,01-11-2025,RST-102,Harborfront Seafood,Boston,ING-008,Yellowfin Tuna,Seafood,lbs,16,1519.87,799.76,1696.64,621,622.99,1.99,31.84
INV-10294,01-03-2025,RST-102,Harborfront Seafood,Boston,ING-008,Yellowfin Tuna,Seafood,lbs,16,816.86,750.11,1108.92,456.17,458.05,1.88,30.08
INV-10295,01-04-2025,RST-102,Harborfront Seafood,Boston,ING-008,Yellowfin Tuna,Seafood,lbs,16,582.24,6415.9,626.63,417.36,425,191,3056
INV-10296,01-09-2025,RST-102,Harborfront Seafood,Boston,ING-008,Yellowfin Tuna,Seafood,lbs,16,691.35,489.03,765.83,409.41,414.55,5.14,82.24
INV-10297,01-04-2025,RST-102,Harborfront Seafood,Boston,ING-009,Lobster Tail,Seafood,lbs,22,808.18,1100.31,1256.77,646.57,651.72,5.15,113.3
INV-10298,01-03-2025,RST-102,Harborfront Seafood,Boston,ING-009,Lobster Tail,Seafood,lbs,22,1057.75,871.6,1408.44,514.18,520.91,6.73,148.06
INV-10299,01-05-2025,RST-102,Harborfront Seafood,Boston,ING-009,Lobster Tail,Seafood,lbs,22,642.11,657.96,798.66,499.06,501.41,2.35,51.7
INV-10300,01-04-2025,RST-102,Harborfront Seafood,Boston,ING-010,Aged Cheddar Slices,Dairy & Cheese,lbs,5.1,209.98,220.48,257.48,168.49,172.98,4.49,22.9
INV-10301,01-02-2025,RST-102,Harborfront Seafood,Boston,ING-010,Aged Cheddar Slices,Dairy & Cheese,lbs,5.1,996.3,708.78,1295.33,400.27,409.75,9.48,48.35
INV-10302,01-06-2025,RST-102,Harborfront Seafood,Boston,ING-010,Aged Cheddar Slices,Dairy & Cheese,lbs,5.1,1012.56,738.79,1135.9,609.5,615.45,5.95,30.34
INV-10303,01-04-2025,RST-102,Harborfront Seafood,Boston,ING-011,Mozzarella Cheese,Dairy & Cheese,lbs,4.5,357.71,281.7,453.71,178.9,185.7,6.8,30.6
INV-10304,01-11-2025,RST-102,Harborfront Seafood,Boston,ING-011,Mozzarella Cheese,Dairy & Cheese,lbs,4.5,557.89,786.45,891.45,444.7,452.89,8.19,36.85
INV-10305,01-05-2025,RST-102,Harborfront Seafood,Boston,ING-011,Mozzarella Cheese,Dairy & Cheese,lbs,4.5,718.27,407.01,828.71,290.33,296.57,6.24,28.08
INV-10306,01-03-2025,RST-102,Harborfront Seafood,Boston,ING-011,Mozzarella Cheese,Dairy & Cheese,lbs,4.5,1322.17,853.86,1587.63,586.25,588.4,2.15,9.67
INV-10307,01-06-2025,RST-102,Harborfront Seafood,Boston,ING-012,Heavy Cream,Dairy & Cheese,quarts,3.2,1078.7,657.03,1019.95,713,715.78,2.78,8.9
INV-10308,01-05-2025,RST-102,Harborfront Seafood,Boston,ING-012,Heavy Cream,Dairy & Cheese,quarts,3.2,1379.76,734.62,1429.54,676.5,684.84,8.34,26.69
INV-10309,01-09-2025,RST-102,Harborfront Seafood,Boston,ING-012,Heavy Cream,Dairy & Cheese,quarts,3.2,1518.06,1134.3,1989.2,659.89,663.16,3.27,10.46
INV-10310,01-10-2025,RST-102,Harborfront Seafood,Boston,ING-012,Heavy Cream,Dairy & Cheese,quarts,3.2,1062.64,970.06,1434.36,590.78,598.34,7.56,24.19
INV-10311,01-04-2025,RST-102,Harborfront Seafood,Boston,ING-012,Heavy Cream,Dairy & Cheese,quarts,3.2,1241.43,591.04,1221.87,604.69,610.6,5.91,18.91
INV-10312,01-11-2025,RST-102,Harborfront Seafood,Boston,ING-013,Unsalted Butter,Dairy & Cheese,lbs,3.8,983.2,657.27,1205.79,428.8,434.68,5.88,22.34
INV-10313,01-01-2025,RST-102,Harborfront Seafood,Boston,ING-013,Unsalted Butter,Dairy & Cheese,lbs,3.8,900.16,530.92,941.26,483.73,489.82,6.09,23.14
INV-10314,01-07-2025,RST-102,Harborfront Seafood,Boston,ING-013,Unsalted Butter,Dairy & Cheese,lbs,3.8,1279.24,786.77,1510.38,547.78,555.63,7.85,29.83
INV-10315,01-12-2025,RST-102,Harborfront Seafood,Boston,ING-013,Unsalted Butter,Dairy & Cheese,lbs,3.8,367.3,165.14,325.17,204.05,207.27,3.22,12.24
INV-10316,01-03-2025,RST-102,Harborfront Seafood,Boston,ING-013,Unsalted Butter,Dairy & Cheese,lbs,3.8,1424.41,514.51,1362.11,572.2,576.81,4.61,17.52
INV-10317,01-10-2025,RST-102,Harborfront Seafood,Boston,ING-014,Parmesan Reggiano,Dairy & Cheese,lbs,9.5,1170.46,490.76,1043.91,609.46,617.31,7.85,74.58
INV-10318,01-04-2025,RST-102,Harborfront Seafood,Boston,ING-014,Parmesan Reggiano,Dairy & Cheese,lbs,9.5,266.73,123.25,257.41,122.95,132.57,9.62,91.39
INV-10319,01-01-2025,RST-102,Harborfront Seafood,Boston,ING-014,Parmesan Reggiano,Dairy & Cheese,lbs,9.5,551.14,321.82,530.05,339.16,342.91,3.75,35.62
INV-10320,01-12-2025,RST-102,Harborfront Seafood,Boston,ING-014,Parmesan Reggiano,Dairy & Cheese,lbs,9.5,1671.36,782.56,1779.06,669.82,674.86,5.04,47.88
INV-10321,01-01-2025,RST-102,Harborfront Seafood,Boston,ING-015,Hass Avocado,Produce,units,1.25,2956.4,1182.57,2808.4,1324.28,1330.57,6.29,7.86
INV-10322,01-10-2025,RST-102,Harborfront Seafood,Boston,ING-015,Hass Avocado,Produce,units,1.25,3358.87,1427.47,3129.59,1650.53,1656.75,6.22,7.77
INV-10323,01-04-2025,RST-102,Harborfront Seafood,Boston,ING-015,Hass Avocado,Produce,units,1.25,3587.41,2610.29,4330.75,1859.86,1866.95,7.09,8.86
INV-10324,01-02-2025,RST-102,Harborfront Seafood,Boston,ING-015,Hass Avocado,Produce,units,1.25,3866.02,4051.2,5418.77,2492.97,2498.45,5.48,6.85
INV-10325,01-10-2025,RST-102,Harborfront Seafood,Boston,ING-016,Romaine Lettuce,Produce,lbs,1.8,387.12,185.98,389.22,179.54,183.88,4.34,7.81
INV-10326,01-02-2025,RST-102,Harborfront Seafood,Boston,ING-016,Romaine Lettuce,Produce,lbs,1.8,315.31,1843.06,387.4,140.65,148.25,190,342
INV-10327,01-01-2025,RST-102,Harborfront Seafood,Boston,ING-016,Romaine Lettuce,Produce,lbs,1.8,420.02,423.56,543.47,294.64,300.11,5.47,9.85
INV-10328,01-09-2025,RST-102,Harborfront Seafood,Boston,ING-016,Romaine Lettuce,Produce,lbs,1.8,451.51,386.63,614.56,215.86,223.58,7.72,13.9
INV-10329,01-07-2025,RST-102,Harborfront Seafood,Boston,ING-017,Idaho Russet Potatoes,Produce,lbs,0.85,263.98,124.18,266.78,115.72,121.38,5.66,4.81
INV-10330,01-08-2025,RST-102,Harborfront Seafood,Boston,ING-017,Idaho Russet Potatoes,Produce,lbs,0.85,712.74,311.61,725.31,294.17,299.04,4.87,4.14
INV-10331,01-01-2025,RST-102,Harborfront Seafood,Boston,ING-017,Idaho Russet Potatoes,Produce,lbs,0.85,1531.06,658,1513.57,667.27,675.49,8.22,6.99
INV-10332,01-03-2025,RST-102,Harborfront Seafood,Boston,ING-017,Idaho Russet Potatoes,Produce,lbs,0.85,727.16,371.36,698.97,397.82,399.55,1.73,1.47
INV-10333,01-06-2025,RST-102,Harborfront Seafood,Boston,ING-017,Idaho Russet Potatoes,Produce,lbs,0.85,1057.71,708.91,1185.89,573.16,580.73,7.57,6.43
INV-10334,01-07-2025,RST-102,Harborfront Seafood,Boston,ING-018,Roma Tomatoes,Produce,lbs,1.5,192.61,132.93,193.87,123.59,131.67,8.08,12.12
INV-10335,01-03-2025,RST-102,Harborfront Seafood,Boston,ING-018,Roma Tomatoes,Produce,lbs,1.5,1234.4,901.56,1393.72,733.64,742.24,8.6,12.9
INV-10336,01-11-2025,RST-102,Harborfront Seafood,Boston,ING-018,Roma Tomatoes,Produce,lbs,1.5,384.91,453.43,562.63,274.29,275.71,1.42,2.13
INV-10337,01-02-2025,RST-102,Harborfront Seafood,Boston,ING-018,Roma Tomatoes,Produce,lbs,1.5,970.7,576.17,1040.23,502.8,506.64,3.84,5.76
INV-10338,01-09-2025,RST-102,Harborfront Seafood,Boston,ING-019,Red Onions,Produce,lbs,0.9,1042.32,398.22,1011.6,421.41,428.94,7.53,6.78
INV-10339,01-01-2025,RST-102,Harborfront Seafood,Boston,ING-019,Red Onions,Produce,lbs,0.9,367.74,248.65,382.6,224.27,233.79,9.52,8.57
INV-10340,01-12-2025,RST-102,Harborfront Seafood,Boston,ING-019,Red Onions,Produce,lbs,0.9,1047.93,599.08,910.75,728.78,736.26,7.48,6.73
INV-10341,01-11-2025,RST-102,Harborfront Seafood,Boston,ING-019,Red Onions,Produce,lbs,0.9,488.96,551.5,662.86,371.69,377.6,5.91,5.32
INV-10342,01-10-2025,RST-102,Harborfront Seafood,Boston,ING-019,Red Onions,Produce,lbs,0.9,1102.79,887.74,1247.31,737.34,743.22,5.88,5.29
INV-10343,01-03-2025,RST-102,Harborfront Seafood,Boston,ING-020,Fresh Basil,Produce,bunches,0.3,395.4,194.7,396.6,191.62,193.5,1.88,0.56
INV-10344,01-04-2025,RST-102,Harborfront Seafood,Boston,ING-020,Fresh Basil,Produce,bunches,0.3,1187.34,1022.98,1546.41,660.29,663.91,3.62,1.09
INV-10345,01-05-2025,RST-102,Harborfront Seafood,Boston,ING-020,Fresh Basil,Produce,bunches,0.3,,706.91,908.4,611.53,621.33,9.8,2.94
INV-10346,01-10-2025,RST-102,Harborfront Seafood,Boston,ING-020,Fresh Basil,Produce,bunches,0.3,1137.57,702.21,1214.84,616.09,624.94,8.85,2.65
INV-10347,01-09-2025,RST-102,Harborfront Seafood,Boston,ING-020,Fresh Basil,Produce,bunches,0.3,992.75,705.8,1243.24,454.15,455.31,1.16,0.35
INV-10348,01-07-2025,RST-102,Harborfront Seafood,Boston,ING-021,Wild Mushrooms,Produce,lbs,6,265.46,174.49,274.23,161.2,165.72,4.52,27.12
INV-10349,01-05-2025,RST-102,Harborfront Seafood,Boston,ING-021,Wild Mushrooms,Produce,lbs,6,1041.96,774.7,1193.16,618.92,623.5,4.58,27.48
INV-10350,01-12-2025,RST-102,Harborfront Seafood,Boston,ING-021,Wild Mushrooms,Produce,lbs,6,285.02,160.01,281.63,160.72,163.4,2.68,16.08
INV-10351,01-09-2025,RST-102,Harborfront Seafood,Boston,ING-022,Spinach,Produce,lbs,2.2,415.32,241.83,440.16,207.92,216.99,9.07,19.95
INV-10352,01-03-2025,RST-102,Harborfront Seafood,Boston,ING-022,Spinach,Produce,lbs,2.2,389.98,293.27,472.19,209.76,211.06,1.3,2.86
INV-10353,01-12-2025,RST-102,Harborfront Seafood,Boston,ING-022,Spinach,Produce,lbs,2.2,724.08,545.09,928.95,336.4,340.22,3.82,8.4
INV-10354,01-02-2025,RST-102,Harborfront Seafood,Boston,ING-023,Brioche Burger Buns,Bakery,units,0.45,1539.2,806.69,1617.59,718.33,728.3,9.97,4.49
INV-10355,01-08-2025,RST-102,Harborfront Seafood,Boston,ING-023,Brioche Burger Buns,Bakery,units,0.45,6051,2740.6,5836.99,2947.43,2954.61,7.18,3.23
INV-10356,01-05-2025,RST-102,Harborfront Seafood,Boston,ING-023,Brioche Burger Buns,Bakery,units,0.45,794.76,1041.74,,641.88,644.77,2.89,1.3
INV-10357,01-07-2025,RST-102,Harborfront Seafood,Boston,ING-023,Brioche Burger Buns,Bakery,units,0.45,3415.87,1575.06,3601.79,1385.47,1389.14,3.67,1.65
INV-10358,01-08-2025,RST-102,Harborfront Seafood,Boston,ING-024,Sourdough Loaf,Bakery,units,2.5,3836.17,1912.77,4061.43,1684.95,1687.51,2.56,6.4
INV-10359,01-07-2025,RST-102,Harborfront Seafood,Boston,ING-024,Sourdough Loaf,Bakery,units,2.5,5118.81,2027.55,4891.96,2251.24,2254.4,3.16,7.9
INV-10360,01-05-2025,RST-102,Harborfront Seafood,Boston,ING-024,Sourdough Loaf,Bakery,units,2.5,1270.85,961.68,1455.66,769.13,776.87,7.74,19.35
INV-10361,01-01-2025,RST-102,Harborfront Seafood,Boston,ING-024,Sourdough Loaf,Bakery,units,2.5,4201.04,2411.9,4511.39,2092.98,2101.55,8.57,21.43
INV-10362,01-06-2025,RST-102,Harborfront Seafood,Boston,ING-025,Tortilla Wraps,Bakery,units,0.25,1712.37,1495.28,2371.46,834.54,836.19,1.65,0.41
INV-10363,01-10-2025,RST-102,Harborfront Seafood,Boston,ING-025,Tortilla Wraps,Bakery,units,0.25,986.15,1000.5,1383.31,600.4,603.34,2.94,0.73
INV-10364,01-08-2025,RST-102,Harborfront Seafood,Boston,ING-025,Tortilla Wraps,Bakery,units,0.25,1723.44,2089.91,2471.7,1336.98,1341.65,4.67,1.17
INV-10365,01-09-2025,RST-102,Harborfront Seafood,Boston,ING-025,Tortilla Wraps,Bakery,units,0.25,5637.63,2451.83,5707.14,2374.05,2382.32,8.27,2.07
INV-10366,01-12-2025,RST-102,Harborfront Seafood,Boston,ING-025,Tortilla Wraps,Bakery,units,0.25,1311.3,803.2,1551.99,553.64,562.51,8.87,2.22
INV-10367,01-03-2025,RST-102,Harborfront Seafood,Boston,ING-026,Truffle Mayo,Condiments & Oils,fl oz,0.35,3304.43,1884.3,3714.39,1473.18,1474.34,1.16,0.41
INV-10368,01-05-2025,RST-102,Harborfront Seafood,Boston,ING-026,Truffle Mayo,Condiments & Oils,fl oz,0.35,1847.74,2641.86,2991.7,1495.75,1497.9,2.15,0.75
INV-10369,01-10-2025,RST-102,Harborfront Seafood,Boston,ING-026,Truffle Mayo,Condiments & Oils,fl oz,0.35,5520.7,3642.31,6915.73,2239.99,2247.28,7.29,2.55
INV-10370,01-01-2025,RST-102,Harborfront Seafood,Boston,ING-026,Truffle Mayo,Condiments & Oils,fl oz,0.35,6395.39,3670.76,7477.52,2582.6,2588.63,6.03,2.11
INV-10371,01-04-2025,RST-102,Harborfront Seafood,Boston,ING-026,Truffle Mayo,Condiments & Oils,fl oz,0.35,3848.2,2918.14,4727.87,2033.42,2038.47,5.05,1.77
INV-10372,01-03-2025,RST-102,Harborfront Seafood,Boston,ING-027,Extra Virgin Olive Oil,Condiments & Oils,fl oz,0.4,886.14,907.48,1194.2,593.03,599.42,6.39,2.56
INV-10373,01-12-2025,RST-102,Harborfront Seafood,Boston,ING-027,Extra Virgin Olive Oil,Condiments & Oils,fl oz,0.4,1328.6,952.15,1709.1,567.68,571.65,3.97,1.59
INV-10374,01-02-2025,RST-102,Harborfront Seafood,Boston,ING-027,Extra Virgin Olive Oil,Condiments & Oils,fl oz,0.4,3194.32,1832.72,3736.2,1285.06,1290.84,5.78,2.31
INV-10375,01-10-2025,RST-102,Harborfront Seafood,Boston,ING-027,Extra Virgin Olive Oil,Condiments & Oils,fl oz,0.4,4051.61,3170.31,4639.31,2579.2,2582.61,3.41,1.36
INV-10376,01-12-2025,RST-102,Harborfront Seafood,Boston,ING-028,Soy Sauce,Condiments & Oils,fl oz,0.15,1534.41,946.21,1828.13,644.03,652.49,8.46,1.27
INV-10377,01-06-2025,RST-102,Harborfront Seafood,Boston,ING-028,Soy Sauce,Condiments & Oils,fl oz,0.15,5218.45,3537.8,6066.03,2685.35,2690.22,4.87,0.73
INV-10378,01-01-2025,RST-102,Harborfront Seafood,Boston,ING-028,Soy Sauce,Condiments & Oils,fl oz,0.15,2160.43,1926.52,2856.47,1224.06,1230.48,6.42,0.96
INV-10379,01-07-2025,RST-102,Harborfront Seafood,Boston,ING-028,Soy Sauce,Condiments & Oils,fl oz,0.15,4832.79,3828.07,5933.62,2720.56,2727.24,6.68,1
INV-10380,01-05-2025,RST-102,Harborfront Seafood,Boston,ING-029,Balsamic Glaze,Condiments & Oils,fl oz,0.5,1681.88,1378.5,1967.57,1082.96,1092.81,9.85,4.92
INV-10381,01-02-2025,RST-102,Harborfront Seafood,Boston,ING-029,Balsamic Glaze,Condiments & Oils,fl oz,0.5,1900.74,1859.43,2659.85,1099.29,1100.32,1.03,0.52
INV-10382,01-12-2025,RST-102,Harborfront Seafood,Boston,ING-029,Balsamic Glaze,Condiments & Oils,fl oz,0.5,999.38,859.48,1352.32,503.39,506.54,3.15,1.57
INV-10383,01-02-2025,RST-102,Harborfront Seafood,Boston,ING-030,Craft IPA Beer Keg,Beverages & Draft,pints,1.1,4149.95,1525.88,3871.11,1796.22,1804.72,8.5,9.35
INV-10384,01-07-2025,RST-102,Harborfront Seafood,Boston,ING-030,Craft IPA Beer Keg,Beverages & Draft,pints,1.1,,3276.09,4750.82,2594.2,2599.15,4.95,5.45
INV-10385,01-10-2025,RST-102,Harborfront Seafood,Boston,ING-030,Craft IPA Beer Keg,Beverages & Draft,pints,1.1,1661.15,817.48,1507,968.13,971.63,3.5,3.85
INV-10386,01-04-2025,RST-102,Harborfront Seafood,Boston,ING-030,Craft IPA Beer Keg,Beverages & Draft,pints,1.1,3961.52,4083.33,5515.7,2523.37,2529.15,5.78,6.36
INV-10387,01-02-2025,RST-102,Harborfront Seafood,Boston,ING-031,House Red Wine,Beverages & Draft,glasses,2.5,1908.74,1361.48,2151.22,1114.3,1119,4.7,11.75
INV-10388,01-04-2025,RST-102,Harborfront Seafood,Boston,ING-031,House Red Wine,Beverages & Draft,glasses,2.5,5873.5,3885.52,6995.45,2759.79,2763.57,3.78,9.45
INV-10389,01-01-2025,RST-102,Harborfront Seafood,Boston,ING-031,House Red Wine,Beverages & Draft,glasses,2.5,6206.13,4120.84,7784.11,2541.85,2542.86,1.01,2.52
INV-10390,01-08-2025,RST-102,Harborfront Seafood,Boston,ING-031,House Red Wine,Beverages & Draft,glasses,2.5,2602.15,2173,2718.97,2054.64,2056.18,1.54,3.85
INV-10391,01-10-2025,RST-102,Harborfront Seafood,Boston,ING-031,House Red Wine,Beverages & Draft,glasses,2.5,4122.08,1801.42,3949.18,1969.87,1974.32,4.45,11.12
INV-10392,01-09-2025,RST-102,Harborfront Seafood,Boston,ING-032,Espresso Beans,Beverages & Draft,oz,0.6,3205.84,1942.06,3818.38,1322.41,1329.52,7.11,4.27
INV-10393,01-06-2025,RST-102,Harborfront Seafood,Boston,ING-032,Espresso Beans,Beverages & Draft,oz,0.6,2644.11,1086.38,2382.78,1340.99,1347.71,6.72,4.03
INV-10394,01-11-2025,RST-102,Harborfront Seafood,Boston,ING-032,Espresso Beans,Beverages & Draft,oz,0.6,5538.96,4643.76,7400.65,2774.55,2782.07,7.52,4.51
INV-10395,01-10-2025,RST-102,Harborfront Seafood,Boston,ING-032,Espresso Beans,Beverages & Draft,oz,0.6,1693.15,618.16,1592.05,713.45,719.26,5.81,3.49
INV-10396,01-01-2025,RST-102,Harborfront Seafood,Boston,ING-032,Espresso Beans,Beverages & Draft,oz,0.6,935.18,940.43,1102.39,769.56,773.22,3.66,2.2
INV-10397,01-03-2025,RST-102,Harborfront Seafood,Boston,ING-033,Cold Brew Concentrate,Beverages & Draft,fl oz,0.45,4510.69,2294.78,4184.8,2614.79,2620.67,5.88,2.65
INV-10398,01-04-2025,RST-102,Harborfront Seafood,Boston,ING-033,Cold Brew Concentrate,Beverages & Draft,fl oz,0.45,5194.9,2709.92,5259.83,2640.53,2644.99,4.46,2.01
INV-10399,01-09-2025,RST-102,Harborfront Seafood,Boston,ING-033,Cold Brew Concentrate,Beverages & Draft,fl oz,0.45,3066.91,2448.68,3943.38,1570.32,1572.21,1.89,0.85
INV-10400,01-05-2025,RST-103,Beacon Hill Cafe,Boston,ING-001,Prime Angus Beef Patty,Meat & Poultry,lbs,6.5,454.19,220.8,479.91,192.69,195.08,2.39,15.54
INV-10401,01-03-2025,RST-103,Beacon Hill Cafe,Boston,ING-001,Prime Angus Beef Patty,Meat & Poultry,lbs,6.5,237.69,167.46,284.54,116.54,120.61,4.07,26.46
INV-10402,01-12-2025,RST-103,Beacon Hill Cafe,Boston,ING-001,Prime Angus Beef Patty,Meat & Poultry,lbs,6.5,254,162.92,263.22,146.61,153.7,7.09,46.09
INV-10403,01-07-2025,RST-103,Beacon Hill Cafe,Boston,ING-001,Prime Angus Beef Patty,Meat & Poultry,lbs,6.5,826.54,502.59,825.48,493.76,503.65,9.89,64.28
INV-10404,01-02-2025,RST-103,Beacon Hill Cafe,Boston,ING-001,Prime Angus Beef Patty,Meat & Poultry,lbs,6.5,827.64,371.61,798.78,395.1,400.47,5.37,34.91
INV-10405,01-05-2025,RST-103,Beacon Hill Cafe,Boston,ING-002,Chicken Breast,Meat & Poultry,lbs,4.2,358.75,181.91,336.55,195.59,204.11,8.52,35.78
INV-10406,01-01-2025,RST-103,Beacon Hill Cafe,Boston,ING-002,Chicken Breast,Meat & Poultry,lbs,4.2,574.95,434.13,663.32,340.76,345.76,5,21
INV-10407,01-10-2025,RST-103,Beacon Hill Cafe,Boston,ING-002,Chicken Breast,Meat & Poultry,lbs,4.2,1425.37,663.18,1335.43,746.66,753.12,6.46,27.13
INV-10408,01-09-2025,RST-103,Beacon Hill Cafe,Boston,ING-002,Chicken Breast,Meat & Poultry,lbs,4.2,246.22,351.55,391.28,198.53,206.49,7.96,33.43
INV-10409,01-07-2025,RST-103,Beacon Hill Cafe,Boston,ING-002,Chicken Breast,Meat & Poultry,lbs,4.2,1342.38,981.97,1584.76,737.07,739.59,2.52,10.58
INV-10410,01-04-2025,RST-103,Beacon Hill Cafe,Boston,ING-003,Ribeye Steak,Meat & Poultry,lbs,14.5,500.44,569.83,741.66,322.59,328.61,6.02,87.29
INV-10411,01-06-2025,RST-103,Beacon Hill Cafe,Boston,ING-003,Ribeye Steak,Meat & Poultry,lbs,14.5,636.67,305.92,611.86,325.73,330.73,5,72.5
INV-10412,01-01-2025,RST-103,Beacon Hill Cafe,Boston,ING-003,Ribeye Steak,Meat & Poultry,lbs,14.5,930.72,609.36,1023.09,507.05,516.99,9.94,144.13
INV-10413,01-10-2025,RST-103,Beacon Hill Cafe,Boston,ING-004,Pork Shoulder,Meat & Poultry,lbs,3.8,1337.2,524.07,1292.85,562.08,568.42,6.34,24.09
INV-10414,01-07-2025,RST-103,Beacon Hill Cafe,Boston,ING-004,Pork Shoulder,Meat & Poultry,lbs,3.8,812.21,615.93,937.37,489.43,490.77,1.34,5.09
INV-10415,01-01-2025,RST-103,Beacon Hill Cafe,Boston,ING-004,Pork Shoulder,Meat & Poultry,lbs,3.8,1119.4,501.62,1029.08,584.81,591.94,7.13,27.09
INV-10416,01-04-2025,RST-103,Beacon Hill Cafe,Boston,ING-004,Pork Shoulder,Meat & Poultry,lbs,3.8,502.16,713.88,803.09,403.41,412.95,9.54,36.25
INV-10417,01-09-2025,RST-103,Beacon Hill Cafe,Boston,ING-005,Ground Turkey,Meat & Poultry,lbs,4,768.76,664.81,1042.51,386.8,391.06,4.26,17.04
INV-10418,01-05-2025,RST-103,Beacon Hill Cafe,Boston,ING-005,Ground Turkey,Meat & Poultry,lbs,4,1350.85,718.07,1492.21,571.72,576.71,4.99,19.96
INV-10419,01-08-2025,RST-103,Beacon Hill Cafe,Boston,ING-005,Ground Turkey,Meat & Poultry,lbs,4,967.44,789.45,1260.22,491.38,496.67,5.29,21.16
INV-10420,01-01-2025,RST-103,Beacon Hill Cafe,Boston,ING-005,Ground Turkey,Meat & Poultry,lbs,4,954.77,600.35,800.88,747.48,754.24,6.76,27.04
INV-10421,01-01-2025,RST-103,Beacon Hill Cafe,Boston,ING-006,Atlantic Salmon Fillet,Seafood,lbs,11.5,1434.44,494.75,1324.65,595.69,604.54,8.85,101.77
INV-10422,01-02-2025,RST-103,Beacon Hill Cafe,Boston,ING-006,Atlantic Salmon Fillet,Seafood,lbs,11.5,895.28,639.47,1083.67,442.7,451.08,8.38,96.37
INV-10423,01-04-2025,RST-103,Beacon Hill Cafe,Boston,ING-006,Atlantic Salmon Fillet,Seafood,lbs,11.5,681.87,420.77,777.79,316.71,324.85,8.14,93.61
INV-10424,01-11-2025,RST-103,Beacon Hill Cafe,Boston,ING-007,Jumbo Shrimp,Seafood,lbs,12,805.52,903.02,1119.31,581.31,589.23,7.92,95.04
INV-10425,01-05-2025,RST-103,Beacon Hill Cafe,Boston,ING-007,Jumbo Shrimp,Seafood,lbs,12,1159.57,869.13,1494.13,528.05,534.57,6.52,78.24
INV-10426,01-04-2025,RST-103,Beacon Hill Cafe,Boston,ING-007,Jumbo Shrimp,Seafood,lbs,12,289.01,138.31,265.06,157.59,162.26,4.67,56.04
INV-10427,01-09-2025,RST-103,Beacon Hill Cafe,Boston,ING-007,Jumbo Shrimp,Seafood,lbs,12,468.83,418.88,521.09,364.62,366.62,2,24
INV-10428,01-12-2025,RST-103,Beacon Hill Cafe,Boston,ING-007,Jumbo Shrimp,Seafood,lbs,12,1520.85,545.5,1431.4,625.35,634.95,9.6,115.2
INV-10429,01-09-2025,RST-103,Beacon Hill Cafe,Boston,ING-008,Yellowfin Tuna,Seafood,lbs,16,412.7,285.13,500.55,194.38,197.28,2.9,46.4
INV-10430,01-03-2025,RST-103,Beacon Hill Cafe,Boston,ING-008,Yellowfin Tuna,Seafood,lbs,16,1138.4,722.38,1197.2,661.21,663.58,2.37,37.92
INV-10431,01-12-2025,RST-103,Beacon Hill Cafe,Boston,ING-008,Yellowfin Tuna,Seafood,lbs,16,335.43,377.64,431.48,273.01,281.59,8.58,137.28
INV-10432,01-05-2025,RST-103,Beacon Hill Cafe,Boston,ING-008,Yellowfin Tuna,Seafood,lbs,16,678.43,380.85,599.51,456.84,459.77,2.93,46.88
INV-10433,01-04-2025,RST-103,Beacon Hill Cafe,Boston,ING-008,Yellowfin Tuna,Seafood,lbs,16,810.42,365.98,798.44,370.48,377.96,7.48,119.68
INV-10434,01-01-2025,RST-103,Beacon Hill Cafe,Boston,ING-009,Lobster Tail,Seafood,lbs,22,402.56,275.24,419.21,252.52,258.59,6.07,133.54
INV-10435,01-03-2025,RST-103,Beacon Hill Cafe,Boston,ING-009,Lobster Tail,Seafood,lbs,22,425.67,270.63,513.72,177.97,182.58,4.61,101.42
INV-10436,01-09-2025,RST-103,Beacon Hill Cafe,Boston,ING-009,Lobster Tail,Seafood,lbs,22,476.62,329.81,595.82,203.11,210.61,7.5,165
INV-10437,01-05-2025,RST-103,Beacon Hill Cafe,Boston,ING-009,Lobster Tail,Seafood,lbs,22,476.48,249.62,446.89,276.51,279.21,2.7,59.4
INV-10438,01-03-2025,RST-103,Beacon Hill Cafe,Boston,ING-010,Aged Cheddar Slices,Dairy & Cheese,lbs,5.1,937.03,524.53,875.73,581.59,585.83,4.24,21.62
INV-10439,01-04-2025,RST-103,Beacon Hill Cafe,Boston,ING-010,Aged Cheddar Slices,Dairy & Cheese,lbs,5.1,633.01,307.02,656.17,275.76,283.86,8.1,41.31
INV-10440,01-05-2025,RST-103,Beacon Hill Cafe,Boston,ING-010,Aged Cheddar Slices,Dairy & Cheese,lbs,5.1,1199,1162.28,1677.16,679.72,684.12,4.4,22.44
INV-10441,01-09-2025,RST-103,Beacon Hill Cafe,Boston,ING-011,Mozzarella Cheese,Dairy & Cheese,lbs,4.5,744.69,568.55,765.06,539.3,548.18,8.88,39.96
INV-10442,01-08-2025,RST-103,Beacon Hill Cafe,Boston,ING-011,Mozzarella Cheese,Dairy & Cheese,lbs,4.5,341.79,203.42,319.31,218.82,225.9,7.08,31.86
INV-10443,01-06-2025,RST-103,Beacon Hill Cafe,Boston,ING-011,Mozzarella Cheese,Dairy & Cheese,lbs,4.5,1105.82,910.12,1295.64,713.59,720.3,6.71,30.2
INV-10444,01-03-2025,RST-103,Beacon Hill Cafe,Boston,ING-011,Mozzarella Cheese,Dairy & Cheese,lbs,4.5,1001.72,973.47,1221.07,749.65,754.12,4.47,20.11
INV-10445,01-04-2025,RST-103,Beacon Hill Cafe,Boston,ING-011,Mozzarella Cheese,Dairy & Cheese,lbs,4.5,1205.44,603.78,1139.73,662.78,669.49,6.71,30.2
INV-10446,01-01-2025,RST-103,Beacon Hill Cafe,Boston,ING-012,Heavy Cream,Dairy & Cheese,quarts,3.2,488.57,302.55,544.4,237.8,246.72,8.92,28.54
INV-10447,01-10-2025,RST-103,Beacon Hill Cafe,Boston,ING-012,Heavy Cream,Dairy & Cheese,quarts,3.2,499.96,338.18,594.25,240.23,243.89,3.66,11.71
INV-10448,01-03-2025,RST-103,Beacon Hill Cafe,Boston,ING-012,Heavy Cream,Dairy & Cheese,quarts,3.2,,290.47,484.32,188.79,192.63,3.84,12.29
INV-10449,01-04-2025,RST-103,Beacon Hill Cafe,Boston,ING-012,Heavy Cream,Dairy & Cheese,quarts,3.2,889.63,785.57,1153.27,519.14,521.93,2.79,8.93
INV-10450,01-06-2025,RST-103,Beacon Hill Cafe,Boston,ING-012,Heavy Cream,Dairy & Cheese,quarts,3.2,1067.93,792.51,1180.28,678.64,680.16,1.52,4.86
INV-10451,01-01-2025,RST-103,Beacon Hill Cafe,Boston,ING-013,Unsalted Butter,Dairy & Cheese,lbs,3.8,1365.44,466.51,1263.22,561.1,568.73,7.63,28.99
INV-10452,01-03-2025,RST-103,Beacon Hill Cafe,Boston,ING-013,Unsalted Butter,Dairy & Cheese,lbs,3.8,748.23,335.64,761.69,314.66,322.18,7.52,28.58
INV-10453,01-04-2025,RST-103,Beacon Hill Cafe,Boston,ING-013,Unsalted Butter,Dairy & Cheese,lbs,3.8,840.87,802.99,965.53,670.47,678.33,7.86,29.87
INV-10454,01-08-2025,RST-103,Beacon Hill Cafe,Boston,ING-013,Unsalted Butter,Dairy & Cheese,lbs,3.8,612.32,403.54,617.98,395.7,397.88,2.18,8.28
INV-10455,01-08-2025,RST-103,Beacon Hill Cafe,Boston,ING-014,Parmesan Reggiano,Dairy & Cheese,lbs,9.5,721.61,511.66,795.59,436.67,437.68,1.01,9.6
INV-10456,01-03-2025,RST-103,Beacon Hill Cafe,Boston,ING-014,Parmesan Reggiano,Dairy & Cheese,lbs,9.5,601.65,523.16,821.32,294.87,303.49,8.62,81.89
INV-10457,01-04-2025,RST-103,Beacon Hill Cafe,Boston,ING-014,Parmesan Reggiano,Dairy & Cheese,lbs,9.5,273.14,182.61,332.39,115.34,123.36,8.02,76.19
INV-10458,01-01-2025,RST-103,Beacon Hill Cafe,Boston,ING-014,Parmesan Reggiano,Dairy & Cheese,lbs,9.5,683.01,438.63,722.35,397.7,399.29,1.59,15.11
INV-10459,01-07-2025,RST-103,Beacon Hill Cafe,Boston,ING-014,Parmesan Reggiano,Dairy & Cheese,lbs,9.5,377.64,318.9,440.46,248.35,256.08,7.73,73.44
INV-10460,01-06-2025,RST-103,Beacon Hill Cafe,Boston,ING-015,Hass Avocado,Produce,units,1.25,4109.2,1868.62,4110.93,1859.36,1866.89,7.53,9.41
INV-10461,01-09-2025,RST-103,Beacon Hill Cafe,Boston,ING-015,Hass Avocado,Produce,units,1.25,4756.54,3313.02,6054.41,2011.31,2015.15,3.84,4.8
INV-10462,01-03-2025,RST-103,Beacon Hill Cafe,Boston,ING-015,Hass Avocado,Produce,units,1.25,2768.88,1484.17,3125.67,1118.22,1127.38,9.16,11.45
INV-10463,01-02-2025,RST-103,Beacon Hill Cafe,Boston,ING-015,Hass Avocado,Produce,units,1.25,1681.64,1329.89,2175.91,826.09,835.62,9.53,11.91
INV-10464,01-11-2025,RST-103,Beacon Hill Cafe,Boston,ING-015,Hass Avocado,Produce,units,1.25,2736.11,1709.77,3167.25,1277.08,1278.63,1.55,1.94
INV-10465,01-06-2025,RST-103,Beacon Hill Cafe,Boston,ING-016,Romaine Lettuce,Produce,lbs,1.8,1364.79,752.93,1389.55,722.66,728.17,5.51,9.92
INV-10466,01-08-2025,RST-103,Beacon Hill Cafe,Boston,ING-016,Romaine Lettuce,Produce,lbs,1.8,703.79,582.22,736,541.75,550.01,8.26,14.87
INV-10467,01-09-2025,RST-103,Beacon Hill Cafe,Boston,ING-016,Romaine Lettuce,Produce,lbs,1.8,761.89,491.62,853.33,398.78,400.18,1.4,2.52
INV-10468,01-03-2025,RST-103,Beacon Hill Cafe,Boston,ING-016,Romaine Lettuce,Produce,lbs,1.8,369.61,209.65,370.07,207.74,209.19,1.45,2.61
INV-10469,01-08-2025,RST-103,Beacon Hill Cafe,Boston,ING-017,Idaho Russet Potatoes,Produce,lbs,0.85,652.82,553.5,757.4,439.65,448.92,9.27,7.88
INV-10470,01-10-2025,RST-103,Beacon Hill Cafe,Boston,ING-017,Idaho Russet Potatoes,Produce,lbs,0.85,317,174.36,275.77,214.46,215.59,1.13,0.96
INV-10471,01-09-2025,RST-103,Beacon Hill Cafe,Boston,ING-017,Idaho Russet Potatoes,Produce,lbs,0.85,1375.19,738.19,1467,639.1,646.38,7.28,6.19
INV-10472,01-09-2025,RST-103,Beacon Hill Cafe,Boston,ING-018,Roma Tomatoes,Produce,lbs,1.5,881.54,700.28,,397.85,405.72,7.87,11.8
INV-10473,01-01-2025,RST-103,Beacon Hill Cafe,Boston,ING-018,Roma Tomatoes,Produce,lbs,1.5,1301.26,1072.63,1709.95,655.88,663.94,8.06,12.09
INV-10474,01-06-2025,RST-103,Beacon Hill Cafe,Boston,ING-018,Roma Tomatoes,Produce,lbs,1.5,661.64,553.7,868.89,345.04,346.45,1.41,2.11
INV-10475,01-03-2025,RST-103,Beacon Hill Cafe,Boston,ING-018,Roma Tomatoes,Produce,lbs,1.5,894.89,822.01,1083.38,625.25,633.52,8.27,12.4
INV-10476,01-04-2025,RST-103,Beacon Hill Cafe,Boston,ING-018,Roma Tomatoes,Produce,lbs,1.5,402.65,318.71,447.33,264.98,274.03,9.05,13.58
INV-10477,01-11-2025,RST-103,Beacon Hill Cafe,Boston,ING-019,Red Onions,Produce,lbs,0.9,791.16,621.93,978,433.27,435.09,1.82,1.64
INV-10478,01-05-2025,RST-103,Beacon Hill Cafe,Boston,ING-019,Red Onions,Produce,lbs,0.9,154.53,150.82,180.67,121.2,124.68,3.48,3.13
INV-10479,01-01-2025,RST-103,Beacon Hill Cafe,Boston,ING-019,Red Onions,Produce,lbs,0.9,1255.87,598.3,,504.33,510.49,6.16,5.54
INV-10480,01-09-2025,RST-103,Beacon Hill Cafe,Boston,ING-020,Fresh Basil,Produce,bunches,0.3,1406.28,664.41,1415.2,645.88,655.49,9.61,2.88
INV-10481,01-07-2025,RST-103,Beacon Hill Cafe,Boston,ING-020,Fresh Basil,Produce,bunches,0.3,409.02,201.21,409.03,196.32,201.2,4.88,1.46
INV-10482,01-03-2025,RST-103,Beacon Hill Cafe,Boston,ING-020,Fresh Basil,Produce,bunches,0.3,1096.5,696.55,1221.66,567.45,571.39,3.94,1.18
INV-10483,01-06-2025,RST-103,Beacon Hill Cafe,Boston,ING-020,Fresh Basil,Produce,bunches,0.3,895.67,794.38,1035.14,645.78,654.91,9.13,2.74
INV-10484,01-10-2025,RST-103,Beacon Hill Cafe,Boston,ING-021,Wild Mushrooms,Produce,lbs,6,421.37,370.68,524.8,265.95,267.25,1.3,7.8
INV-10485,01-03-2025,RST-103,Beacon Hill Cafe,Boston,ING-021,Wild Mushrooms,Produce,lbs,6,859.31,562.33,899.29,513.43,522.35,8.92,53.52
INV-10486,01-01-2025,RST-103,Beacon Hill Cafe,Boston,ING-021,Wild Mushrooms,Produce,lbs,6,528.1,649.07,776.74,399,400.43,1.43,8.58
INV-10487,01-06-2025,RST-103,Beacon Hill Cafe,Boston,ING-021,Wild Mushrooms,Produce,lbs,6,1262.74,659.74,1341.67,572.39,580.81,8.42,50.52
INV-10488,01-10-2025,RST-103,Beacon Hill Cafe,Boston,ING-022,Spinach,Produce,lbs,2.2,717.14,727.03,840.86,597.61,603.31,5.7,12.54
INV-10489,01-11-2025,RST-103,Beacon Hill Cafe,Boston,ING-022,Spinach,Produce,lbs,2.2,334.03,139.05,333.83,135.51,139.25,3.74,8.23
INV-10490,01-02-2025,RST-103,Beacon Hill Cafe,Boston,ING-022,Spinach,Produce,lbs,2.2,446.2,238.49,379.57,297.56,305.12,7.56,16.63
INV-10491,01-03-2025,RST-103,Beacon Hill Cafe,Boston,ING-022,Spinach,Produce,lbs,2.2,1086.54,1065.76,1416.17,728.45,736.13,7.68,16.9
INV-10492,01-04-2025,RST-103,Beacon Hill Cafe,Boston,ING-023,Brioche Burger Buns,Bakery,units,0.45,6194.34,3881.58,7573.98,2497.4,2501.94,4.54,2.04
INV-10493,01-09-2025,RST-103,Beacon Hill Cafe,Boston,ING-023,Brioche Burger Buns,Bakery,units,0.45,3986.14,1700.39,3744.97,1935.66,1941.56,5.9,2.66
INV-10494,01-06-2025,RST-103,Beacon Hill Cafe,Boston,ING-023,Brioche Burger Buns,Bakery,units,0.45,3181.24,3547.3,4478.06,2244.23,2250.48,6.25,2.81
INV-10495,01-05-2025,RST-103,Beacon Hill Cafe,Boston,ING-024,Sourdough Loaf,Bakery,units,2.5,5153.91,2362.08,5076.34,2429.9,2439.65,9.75,24.38
INV-10496,01-02-2025,RST-103,Beacon Hill Cafe,Boston,ING-024,Sourdough Loaf,Bakery,units,2.5,2204.24,1535.89,2171.33,1566.92,1568.8,1.88,4.7
INV-10497,01-07-2025,RST-103,Beacon Hill Cafe,Boston,ING-024,Sourdough Loaf,Bakery,units,2.5,3381.86,2302.78,3186.84,2489.15,2497.8,8.65,21.62
INV-10498,01-11-2025,RST-103,Beacon Hill Cafe,Boston,ING-024,Sourdough Loaf,Bakery,units,2.5,1607.15,1104.03,1412.93,1295.97,1298.25,2.28,5.7
INV-10499,01-03-2025,RST-103,Beacon Hill Cafe,Boston,ING-024,Sourdough Loaf,Bakery,units,2.5,1971.41,914.07,1928.59,954.82,956.89,2.07,5.17
INV-10500,01-05-2025,RST-103,Beacon Hill Cafe,Boston,ING-025,Tortilla Wraps,Bakery,units,0.25,3313.9,3887.87,4761.58,2433.65,2440.19,6.54,1.64
INV-10501,01-08-2025,RST-103,Beacon Hill Cafe,Boston,ING-025,Tortilla Wraps,Bakery,units,0.25,3439.67,3523.18,4364.82,2592.52,2598.03,5.51,1.38
INV-10502,01-09-2025,RST-103,Beacon Hill Cafe,Boston,ING-025,Tortilla Wraps,Bakery,units,0.25,4236.47,2998.02,4993.52,2236.1,2240.97,4.87,1.22
INV-10503,01-05-2025,RST-103,Beacon Hill Cafe,Boston,ING-026,Truffle Mayo,Condiments & Oils,fl oz,0.35,4348.29,2412.42,4591.76,2160.6,2168.95,8.35,2.92
INV-10504,01-07-2025,RST-103,Beacon Hill Cafe,Boston,ING-026,Truffle Mayo,Condiments & Oils,fl oz,0.35,2201.76,1896.25,2384.65,1703.94,1713.36,9.42,3.3
INV-10505,01-01-2025,RST-103,Beacon Hill Cafe,Boston,ING-026,Truffle Mayo,Condiments & Oils,fl oz,0.35,6467.99,3729.59,7582.58,2611.77,2615,3.23,1.13
INV-10506,01-03-2025,RST-103,Beacon Hill Cafe,Boston,ING-027,Extra Virgin Olive Oil,Condiments & Oils,fl oz,0.4,1281.9,627.26,1326.55,577.72,582.61,4.89,1.96
INV-10507,01-08-2025,RST-103,Beacon Hill Cafe,Boston,ING-027,Extra Virgin Olive Oil,Condiments & Oils,fl oz,0.4,3561.69,1869.2,3244.37,2182.15,2186.52,4.37,1.75
INV-10508,01-02-2025,RST-103,Beacon Hill Cafe,Boston,ING-027,Extra Virgin Olive Oil,Condiments & Oils,fl oz,0.4,5808.96,4201.91,7148.61,2855.57,2862.26,6.69,2.68
INV-10509,01-11-2025,RST-103,Beacon Hill Cafe,Boston,ING-028,Soy Sauce,Condiments & Oils,fl oz,0.15,1078.68,563.63,1057.06,575.51,585.25,9.74,1.46
INV-10510,01-12-2025,RST-103,Beacon Hill Cafe,Boston,ING-028,Soy Sauce,Condiments & Oils,fl oz,0.15,1197.95,1068.2,1564.22,694.59,701.93,7.34,1.1
INV-10511,01-09-2025,RST-103,Beacon Hill Cafe,Boston,ING-028,Soy Sauce,Condiments & Oils,fl oz,0.15,2474.22,1795.33,2767.08,1499.09,1502.47,3.38,0.51
INV-10512,01-01-2025,RST-103,Beacon Hill Cafe,Boston,ING-028,Soy Sauce,Condiments & Oils,fl oz,0.15,1707.07,997.87,1767.48,933.87,937.46,3.59,0.54
INV-10513,01-11-2025,RST-103,Beacon Hill Cafe,Boston,ING-029,Balsamic Glaze,Condiments & Oils,fl oz,0.5,3966.23,1970.7,3721.88,2209.07,2215.05,5.98,2.99
INV-10514,01-02-2025,RST-103,Beacon Hill Cafe,Boston,ING-029,Balsamic Glaze,Condiments & Oils,fl oz,0.5,4374.18,2426.58,4726.45,2068.24,2074.31,6.07,3.04
INV-10515,01-01-2025,RST-103,Beacon Hill Cafe,Boston,ING-029,Balsamic Glaze,Condiments & Oils,fl oz,0.5,3259.36,2174.65,3856.5,1571.78,1577.51,5.73,2.87
INV-10516,01-08-2025,RST-103,Beacon Hill Cafe,Boston,ING-029,Balsamic Glaze,Condiments & Oils,fl oz,0.5,1261.26,1021.58,1232.03,1048.76,1050.81,2.05,1.02
INV-10517,01-12-2025,RST-103,Beacon Hill Cafe,Boston,ING-030,Craft IPA Beer Keg,Beverages & Draft,pints,1.1,1070.9,629.88,1160.08,531.27,540.7,9.43,10.37
INV-10518,01-01-2025,RST-103,Beacon Hill Cafe,Boston,ING-030,Craft IPA Beer Keg,Beverages & Draft,pints,1.1,4380.99,1846.23,4410.52,1809.17,1816.7,7.53,8.28
INV-10519,01-07-2025,RST-103,Beacon Hill Cafe,Boston,ING-030,Craft IPA Beer Keg,Beverages & Draft,pints,1.1,4332.94,2034.26,4355.37,2004.85,2011.83,6.98,7.68
INV-10520,01-07-2025,RST-103,Beacon Hill Cafe,Boston,ING-031,House Red Wine,Beverages & Draft,glasses,2.5,5971.52,3464.85,6791.99,2639.43,2644.38,4.95,12.38
INV-10521,01-09-2025,RST-103,Beacon Hill Cafe,Boston,ING-031,House Red Wine,Beverages & Draft,glasses,2.5,4479.21,4027.54,5509.43,2990.28,2997.32,7.04,17.6
INV-10522,01-01-2025,RST-103,Beacon Hill Cafe,Boston,ING-031,House Red Wine,Beverages & Draft,glasses,2.5,3256.13,3231.15,4256.65,2222.26,2230.63,8.37,20.92
INV-10523,01-10-2025,RST-103,Beacon Hill Cafe,Boston,ING-031,House Red Wine,Beverages & Draft,glasses,2.5,1264.16,439.68,,530.05,534.25,4.2,10.5
INV-10524,01-07-2025,RST-103,Beacon Hill Cafe,Boston,ING-032,Espresso Beans,Beverages & Draft,oz,0.6,2806.12,3764.78,4412.88,2149.47,2158.02,8.55,5.13
INV-10525,01-01-2025,RST-103,Beacon Hill Cafe,Boston,ING-032,Espresso Beans,Beverages & Draft,oz,0.6,5659.33,4320.05,7480.25,2493.23,2499.13,5.9,3.54
INV-10526,01-04-2025,RST-103,Beacon Hill Cafe,Boston,ING-032,Espresso Beans,Beverages & Draft,oz,0.6,1843.13,1420.58,2335.34,920.73,928.37,7.64,4.58
INV-10527,01-06-2025,RST-103,Beacon Hill Cafe,Boston,ING-032,Espresso Beans,Beverages & Draft,oz,0.6,2263.18,2056.2,2554.32,1755.77,1765.06,9.29,5.57
INV-10528,01-10-2025,RST-103,Beacon Hill Cafe,Boston,ING-033,Cold Brew Concentrate,Beverages & Draft,fl oz,0.45,4245.21,4095.88,5887.18,2447.17,2453.91,6.74,3.03
INV-10529,01-03-2025,RST-103,Beacon Hill Cafe,Boston,ING-033,Cold Brew Concentrate,Beverages & Draft,fl oz,0.45,4747.92,3427.64,5605.79,2567.47,2569.77,2.3,1.03
INV-10530,01-02-2025,RST-103,Beacon Hill Cafe,Boston,ING-033,Cold Brew Concentrate,Beverages & Draft,fl oz,0.45,4255.46,3170.08,4979.1,2438.37,2446.44,8.07,3.63
INV-10531,01-06-2025,RST-103,Beacon Hill Cafe,Boston,ING-033,Cold Brew Concentrate,Beverages & Draft,fl oz,0.45,2860.02,2720.69,3619.04,1957,1961.67,4.67,2.1
INV-10532,01-11-2025,RST-104,Midtown Smokehouse,Chicago,ING-001,Prime Angus Beef Patty,Meat & Poultry,lbs,6.5,286.89,177.29,257.84,203.67,206.34,2.67,17.36
INV-10533,01-05-2025,RST-104,Midtown Smokehouse,Chicago,ING-001,Prime Angus Beef Patty,Meat & Poultry,lbs,6.5,1247.57,858.3,1566.96,531.74,538.91,7.17,46.6
INV-10534,01-10-2025,RST-104,Midtown Smokehouse,Chicago,ING-001,Prime Angus Beef Patty,Meat & Poultry,lbs,6.5,270.72,190.64,286.33,171.78,175.03,3.25,21.12
INV-10535,01-09-2025,RST-104,Midtown Smokehouse,Chicago,ING-001,Prime Angus Beef Patty,Meat & Poultry,lbs,6.5,824.38,502.96,888.41,434.75,438.93,4.18,27.17
INV-10536,01-02-2025,RST-104,Midtown Smokehouse,Chicago,ING-001,Prime Angus Beef Patty,Meat & Poultry,lbs,6.5,1421.49,707.39,1481.1,638.56,647.78,9.22,59.93
INV-10537,01-03-2025,RST-104,Midtown Smokehouse,Chicago,ING-002,Chicken Breast,Meat & Poultry,lbs,4.2,852.3,456.87,840.75,459.69,468.42,8.73,36.67
INV-10538,01-02-2025,RST-104,Midtown Smokehouse,Chicago,ING-002,Chicken Breast,Meat & Poultry,lbs,4.2,1236.23,895.75,,540.01,547.75,7.74,32.51
INV-10539,01-12-2025,RST-104,Midtown Smokehouse,Chicago,ING-002,Chicken Breast,Meat & Poultry,lbs,4.2,768.56,370.21,746.22,385.49,392.55,7.06,29.65
INV-10540,01-10-2025,RST-104,Midtown Smokehouse,Chicago,ING-003,Ribeye Steak,Meat & Poultry,lbs,14.5,268.12,167.83,228.57,204.89,207.38,2.49,36.11
INV-10541,01-03-2025,RST-104,Midtown Smokehouse,Chicago,ING-003,Ribeye Steak,Meat & Poultry,lbs,14.5,1028.1,783.82,1130.91,679.06,681.01,1.95,28.27
INV-10542,01-12-2025,RST-104,Midtown Smokehouse,Chicago,ING-003,Ribeye Steak,Meat & Poultry,lbs,14.5,458.49,344.24,554.99,244.53,247.74,3.21,46.55
INV-10543,01-04-2025,RST-104,Midtown Smokehouse,Chicago,ING-004,Pork Shoulder,Meat & Poultry,lbs,3.8,1388,807.65,1521.42,666.45,674.23,7.78,29.56
INV-10544,01-02-2025,RST-104,Midtown Smokehouse,Chicago,ING-004,Pork Shoulder,Meat & Poultry,lbs,3.8,377.81,4640.7,452.19,232.38,238.56,154.5,587.1
INV-10545,01-10-2025,RST-104,Midtown Smokehouse,Chicago,ING-004,Pork Shoulder,Meat & Poultry,lbs,3.8,277.81,171.2,329.16,114.39,119.85,5.46,20.75
INV-10546,01-07-2025,RST-104,Midtown Smokehouse,Chicago,ING-004,Pork Shoulder,Meat & Poultry,lbs,3.8,1251.14,1257.93,1796.93,706.53,712.14,5.61,21.32
INV-10547,01-01-2025,RST-104,Midtown Smokehouse,Chicago,ING-004,Pork Shoulder,Meat & Poultry,lbs,3.8,382.43,257.76,457.94,174.29,182.25,7.96,30.25
INV-10548,01-02-2025,RST-104,Midtown Smokehouse,Chicago,ING-005,Ground Turkey,Meat & Poultry,lbs,4,1065.38,535.57,1091.38,508.48,509.57,1.09,4.36
INV-10549,01-07-2025,RST-104,Midtown Smokehouse,Chicago,ING-005,Ground Turkey,Meat & Poultry,lbs,4,1081.38,932.98,1435.73,570.24,578.63,8.39,33.56
INV-10550,01-04-2025,RST-104,Midtown Smokehouse,Chicago,ING-005,Ground Turkey,Meat & Poultry,lbs,4,1186.54,734.77,1265.03,648.16,656.28,8.12,32.48
INV-10551,01-06-2025,RST-104,Midtown Smokehouse,Chicago,ING-005,Ground Turkey,Meat & Poultry,lbs,4,565.81,650.97,814.5,393.34,402.28,8.94,35.76
INV-10552,01-12-2025,RST-104,Midtown Smokehouse,Chicago,ING-005,Ground Turkey,Meat & Poultry,lbs,4,,478.81,590.87,403.1,411.33,8.23,32.92
INV-10553,01-12-2025,RST-104,Midtown Smokehouse,Chicago,ING-006,Atlantic Salmon Fillet,Seafood,lbs,11.5,250.13,237.64,334.7,148.17,153.07,4.9,56.35
INV-10554,01-05-2025,RST-104,Midtown Smokehouse,Chicago,ING-006,Atlantic Salmon Fillet,Seafood,lbs,11.5,1441.56,838.82,1529.23,748.17,751.15,2.98,34.27
INV-10555,01-09-2025,RST-104,Midtown Smokehouse,Chicago,ING-006,Atlantic Salmon Fillet,Seafood,lbs,11.5,552.18,284.8,504.81,327.84,332.17,4.33,49.8
INV-10556,01-03-2025,RST-104,Midtown Smokehouse,Chicago,ING-006,Atlantic Salmon Fillet,Seafood,lbs,11.5,859.59,585.26,1035.71,401.76,409.14,7.38,84.87
INV-10557,01-11-2025,RST-104,Midtown Smokehouse,Chicago,ING-006,Atlantic Salmon Fillet,Seafood,lbs,11.5,156.36,154.12,199.68,105.44,110.8,5.36,61.64
INV-10558,01-03-2025,RST-104,Midtown Smokehouse,Chicago,ING-007,Jumbo Shrimp,Seafood,lbs,12,1165.17,584.83,1121.01,621.95,628.99,7.04,84.48
INV-10559,01-05-2025,RST-104,Midtown Smokehouse,Chicago,ING-007,Jumbo Shrimp,Seafood,lbs,12,1089.63,488.15,1071.72,503.31,506.06,2.75,33
INV-10560,01-10-2025,RST-104,Midtown Smokehouse,Chicago,ING-007,Jumbo Shrimp,Seafood,lbs,12,1476.31,1159.49,1949.2,678.77,686.6,7.83,93.96
INV-10561,01-07-2025,RST-104,Midtown Smokehouse,Chicago,ING-007,Jumbo Shrimp,Seafood,lbs,12,1000.89,824.55,1331.08,488.15,494.36,6.21,74.52
INV-10562,01-06-2025,RST-104,Midtown Smokehouse,Chicago,ING-007,Jumbo Shrimp,Seafood,lbs,12,717.22,651.04,849.76,511.05,518.5,7.45,89.4
INV-10563,01-10-2025,RST-104,Midtown Smokehouse,Chicago,ING-008,Yellowfin Tuna,Seafood,lbs,16,906.83,431.95,,462.65,467.64,4.99,79.84
INV-10564,01-01-2025,RST-104,Midtown Smokehouse,Chicago,ING-008,Yellowfin Tuna,Seafood,lbs,16,961.3,483.82,1046.18,393,398.94,5.94,95.04
INV-10565,01-07-2025,RST-104,Midtown Smokehouse,Chicago,ING-008,Yellowfin Tuna,Seafood,lbs,16,905.63,691.46,1147.45,446.61,449.64,3.03,48.48
INV-10566,01-06-2025,RST-104,Midtown Smokehouse,Chicago,ING-008,Yellowfin Tuna,Seafood,lbs,16,1008.77,560.41,1122,443.67,447.18,3.51,56.16
INV-10567,01-03-2025,RST-104,Midtown Smokehouse,Chicago,ING-009,Lobster Tail,Seafood,lbs,22,598.09,282.12,537.44,339.43,342.77,3.34,73.48
INV-10568,01-08-2025,RST-104,Midtown Smokehouse,Chicago,ING-009,Lobster Tail,Seafood,lbs,22,285.58,127.18,284.85,121.89,127.91,6.02,132.44
INV-10569,01-01-2025,RST-104,Midtown Smokehouse,Chicago,ING-009,Lobster Tail,Seafood,lbs,22,259.07,140.76,265.41,125.34,134.42,9.08,199.76
INV-10570,01-02-2025,RST-104,Midtown Smokehouse,Chicago,ING-009,Lobster Tail,Seafood,lbs,22,1099.14,1152.03,1563.92,677.28,687.25,9.97,219.34
INV-10571,01-10-2025,RST-104,Midtown Smokehouse,Chicago,ING-009,Lobster Tail,Seafood,lbs,22,1462.93,667.72,1487.94,636.52,642.71,6.19,136.18
INV-10572,01-02-2025,RST-104,Midtown Smokehouse,Chicago,ING-010,Aged Cheddar Slices,Dairy & Cheese,lbs,5.1,191.18,181.46,251.96,114.58,120.68,6.1,31.11
INV-10573,01-06-2025,RST-104,Midtown Smokehouse,Chicago,ING-010,Aged Cheddar Slices,Dairy & Cheese,lbs,5.1,621.98,313.02,630.56,303.31,304.44,1.13,5.76
INV-10574,01-12-2025,RST-104,Midtown Smokehouse,Chicago,ING-010,Aged Cheddar Slices,Dairy & Cheese,lbs,5.1,1200.15,932.43,1534.4,596.83,598.18,1.35,6.88
INV-10575,01-01-2025,RST-104,Midtown Smokehouse,Chicago,ING-010,Aged Cheddar Slices,Dairy & Cheese,lbs,5.1,,878.2,1519.18,644.13,650.75,6.62,33.76
INV-10576,01-07-2025,RST-104,Midtown Smokehouse,Chicago,ING-011,Mozzarella Cheese,Dairy & Cheese,lbs,4.5,528.63,493.09,659.37,353,362.35,9.35,42.07
INV-10577,01-01-2025,RST-104,Midtown Smokehouse,Chicago,ING-011,Mozzarella Cheese,Dairy & Cheese,lbs,4.5,1157.61,934.61,1385.38,703.94,706.84,2.9,13.05
INV-10578,01-12-2025,RST-104,Midtown Smokehouse,Chicago,ING-011,Mozzarella Cheese,Dairy & Cheese,lbs,4.5,1849.56,1083.02,2177.18,747.16,755.4,8.24,37.08
INV-10579,01-12-2025,RST-104,Midtown Smokehouse,Chicago,ING-012,Heavy Cream,Dairy & Cheese,quarts,3.2,1156.49,795.4,1399.34,549.07,552.55,3.48,11.14
INV-10580,01-08-2025,RST-104,Midtown Smokehouse,Chicago,ING-012,Heavy Cream,Dairy & Cheese,quarts,3.2,408.45,282,486.31,201.53,204.14,2.61,8.35
INV-10581,01-01-2025,RST-104,Midtown Smokehouse,Chicago,ING-012,Heavy Cream,Dairy & Cheese,quarts,3.2,1000.39,819.51,1253.02,558.34,566.88,8.54,27.33
INV-10582,01-04-2025,RST-104,Midtown Smokehouse,Chicago,ING-012,Heavy Cream,Dairy & Cheese,quarts,3.2,257.62,332.12,372.93,210.32,216.81,6.49,20.77
INV-10583,01-01-2025,RST-104,Midtown Smokehouse,Chicago,ING-013,Unsalted Butter,Dairy & Cheese,lbs,3.8,1319.08,1099.62,1738.87,673.05,679.83,6.78,25.76
INV-10584,01-07-2025,RST-104,Midtown Smokehouse,Chicago,ING-013,Unsalted Butter,Dairy & Cheese,lbs,3.8,326.7,135.18,304.47,151.06,157.41,6.35,24.13
INV-10585,01-02-2025,RST-104,Midtown Smokehouse,Chicago,ING-013,Unsalted Butter,Dairy & Cheese,lbs,3.8,716.21,573.86,724.11,556.72,565.96,9.24,35.11
INV-10586,01-05-2025,RST-104,Midtown Smokehouse,Chicago,ING-013,Unsalted Butter,Dairy & Cheese,lbs,3.8,761,746.23,1000.26,500.6,506.97,6.37,24.21
INV-10587,01-09-2025,RST-104,Midtown Smokehouse,Chicago,ING-013,Unsalted Butter,Dairy & Cheese,lbs,3.8,1051.86,631.98,1253.44,426.02,430.4,4.38,16.64
INV-10588,01-06-2025,RST-104,Midtown Smokehouse,Chicago,ING-014,Parmesan Reggiano,Dairy & Cheese,lbs,9.5,1217.17,791.64,1504.32,502.34,504.49,2.15,20.43
INV-10589,01-07-2025,RST-104,Midtown Smokehouse,Chicago,ING-014,Parmesan Reggiano,Dairy & Cheese,lbs,9.5,,389.74,632.35,325.88,332.9,7.02,66.69
INV-10590,01-12-2025,RST-104,Midtown Smokehouse,Chicago,ING-014,Parmesan Reggiano,Dairy & Cheese,lbs,9.5,1086.12,918.91,1317.2,679.73,687.83,8.1,76.95
INV-10591,01-11-2025,RST-104,Midtown Smokehouse,Chicago,ING-014,Parmesan Reggiano,Dairy & Cheese,lbs,9.5,525.63,472.42,626.01,370.54,372.04,1.5,14.25
INV-10592,01-01-2025,RST-104,Midtown Smokehouse,Chicago,ING-014,Parmesan Reggiano,Dairy & Cheese,lbs,9.5,924.37,882.46,1088.51,712.55,718.32,5.77,54.81
INV-10593,01-06-2025,RST-104,Midtown Smokehouse,Chicago,ING-015,Hass Avocado,Produce,units,1.25,2241.65,1488.95,2370.27,1350.55,1360.33,9.78,12.22
INV-10594,01-01-2025,RST-104,Midtown Smokehouse,Chicago,ING-015,Hass Avocado,Produce,units,1.25,1994.32,1328.14,2478.47,842.3,843.99,1.69,2.11
INV-10595,01-12-2025,RST-104,Midtown Smokehouse,Chicago,ING-015,Hass Avocado,Produce,units,1.25,4604.76,2664.75,4295.55,2965.5,2973.96,8.46,10.58
INV-10596,01-07-2025,RST-104,Midtown Smokehouse,Chicago,ING-016,Romaine Lettuce,Produce,lbs,1.8,275.87,169.82,283.81,153.48,161.88,8.4,15.12
INV-10597,01-01-2025,RST-104,Midtown Smokehouse,Chicago,ING-016,Romaine Lettuce,Produce,lbs,1.8,239.02,172.46,266.91,137.04,144.57,7.53,13.55
INV-10598,01-02-2025,RST-104,Midtown Smokehouse,Chicago,ING-016,Romaine Lettuce,Produce,lbs,1.8,978.47,746.4,1242.82,473.29,482.05,8.76,15.77
INV-10599,01-11-2025,RST-104,Midtown Smokehouse,Chicago,ING-016,Romaine Lettuce,Produce,lbs,1.8,577.46,498.63,762.16,304.02,313.93,9.91,17.84
INV-10600,01-04-2025,RST-104,Midtown Smokehouse,Chicago,ING-016,Romaine Lettuce,Produce,lbs,1.8,1141.33,674.91,1132.65,678.19,683.59,5.4,9.72
INV-10601,01-05-2025,RST-104,Midtown Smokehouse,Chicago,ING-017,Idaho Russet Potatoes,Produce,lbs,0.85,264.73,318.59,398.84,181.9,184.48,2.58,2.19
INV-10602,01-11-2025,RST-104,Midtown Smokehouse,Chicago,ING-017,Idaho Russet Potatoes,Produce,lbs,0.85,916.05,604.86,1045.09,469.02,475.82,6.8,5.78
INV-10603,01-08-2025,RST-104,Midtown Smokehouse,Chicago,ING-017,Idaho Russet Potatoes,Produce,lbs,0.85,478.44,292.33,514.42,249.39,256.35,6.96,5.92
INV-10604,01-01-2025,RST-104,Midtown Smokehouse,Chicago,ING-018,Roma Tomatoes,Produce,lbs,1.5,1729.11,963.49,1987.68,702.63,704.92,2.29,3.44
INV-10605,01-07-2025,RST-104,Midtown Smokehouse,Chicago,ING-018,Roma Tomatoes,Produce,lbs,1.5,768.34,400.95,824.05,343.46,345.24,1.78,2.67
INV-10606,01-12-2025,RST-104,Midtown Smokehouse,Chicago,ING-018,Roma Tomatoes,Produce,lbs,1.5,1061.77,737.17,1334.45,461.91,464.49,2.58,3.87
INV-10607,01-11-2025,RST-104,Midtown Smokehouse,Chicago,ING-018,Roma Tomatoes,Produce,lbs,1.5,798.78,547.08,799.69,537.3,546.17,8.87,13.3
INV-10608,01-12-2025,RST-104,Midtown Smokehouse,Chicago,ING-019,Red Onions,Produce,lbs,0.9,659.17,355.64,611.52,397.91,403.29,5.38,4.84
INV-10609,01-03-2025,RST-104,Midtown Smokehouse,Chicago,ING-019,Red Onions,Produce,lbs,0.9,874.55,762.36,935.56,698.48,701.35,2.87,2.58
INV-10610,01-09-2025,RST-104,Midtown Smokehouse,Chicago,ING-019,Red Onions,Produce,lbs,0.9,,323.1,669.77,254.8,260,5.2,4.68
INV-10611,01-08-2025,RST-104,Midtown Smokehouse,Chicago,ING-019,Red Onions,Produce,lbs,0.9,832.62,765.11,998.49,594.37,599.24,4.87,4.38
INV-10612,01-05-2025,RST-104,Midtown Smokehouse,Chicago,ING-019,Red Onions,Produce,lbs,0.9,1219.69,765.88,1493,487.99,492.57,4.58,4.12
INV-10613,01-12-2025,RST-104,Midtown Smokehouse,Chicago,ING-020,Fresh Basil,Produce,bunches,0.3,,373.43,854.35,404.41,411.05,6.64,1.99
INV-10614,01-06-2025,RST-104,Midtown Smokehouse,Chicago,ING-020,Fresh Basil,Produce,bunches,0.3,648.82,485.69,843.53,281.01,290.98,9.97,2.99
INV-10615,01-09-2025,RST-104,Midtown Smokehouse,Chicago,ING-020,Fresh Basil,Produce,bunches,0.3,1345.84,626.97,1351.39,617.4,621.42,4.02,1.21
INV-10616,01-04-2025,RST-104,Midtown Smokehouse,Chicago,ING-020,Fresh Basil,Produce,bunches,0.3,888.09,690.6,1173.3,402.69,405.39,2.7,0.81
INV-10617,01-06-2025,RST-104,Midtown Smokehouse,Chicago,ING-021,Wild Mushrooms,Produce,lbs,6,1500.99,1134.39,1974.37,656.72,661.01,4.29,25.74
INV-10618,01-04-2025,RST-104,Midtown Smokehouse,Chicago,ING-021,Wild Mushrooms,Produce,lbs,6,666.91,377.62,736.01,306.73,308.52,1.79,10.74
INV-10619,01-02-2025,RST-104,Midtown Smokehouse,Chicago,ING-021,Wild Mushrooms,Produce,lbs,6,495.03,310.08,517.3,283.82,287.81,3.99,23.94
INV-10620,01-05-2025,RST-104,Midtown Smokehouse,Chicago,ING-021,Wild Mushrooms,Produce,lbs,6,364.84,418.12,485.63,290.95,297.33,6.38,38.28
INV-10621,01-11-2025,RST-104,Midtown Smokehouse,Chicago,ING-021,Wild Mushrooms,Produce,lbs,6,760.82,574.89,804.43,524.7,531.28,6.58,39.48
INV-10622,01-09-2025,RST-104,Midtown Smokehouse,Chicago,ING-022,Spinach,Produce,lbs,2.2,1030.67,620.2,1105.18,540.77,545.69,4.92,10.82
INV-10623,01-05-2025,RST-104,Midtown Smokehouse,Chicago,ING-022,Spinach,Produce,lbs,2.2,962.57,580.82,923.16,616.41,620.23,3.82,8.4
INV-10624,01-07-2025,RST-104,Midtown Smokehouse,Chicago,ING-022,Spinach,Produce,lbs,2.2,,1168.54,,652.2,658.07,5.87,12.91
INV-10625,01-10-2025,RST-104,Midtown Smokehouse,Chicago,ING-023,Brioche Burger Buns,Bakery,units,0.45,1076.74,767.57,942.75,892.42,901.56,9.14,4.11
INV-10626,01-02-2025,RST-104,Midtown Smokehouse,Chicago,ING-023,Brioche Burger Buns,Bakery,units,0.45,3239.81,2036.02,3188.64,2083.54,2087.19,3.65,1.64
INV-10627,01-03-2025,RST-104,Midtown Smokehouse,Chicago,ING-023,Brioche Burger Buns,Bakery,units,0.45,1693.09,1106.52,2095.98,698.47,703.63,5.16,2.32
INV-10628,01-01-2025,RST-104,Midtown Smokehouse,Chicago,ING-023,Brioche Burger Buns,Bakery,units,0.45,4037.71,4018.7,5398.8,2648.9,2657.61,8.71,3.92
INV-10629,01-03-2025,RST-104,Midtown Smokehouse,Chicago,ING-024,Sourdough Loaf,Bakery,units,2.5,2268.12,2103.08,3079.64,1289.48,1291.56,2.08,5.2
INV-10630,01-05-2025,RST-104,Midtown Smokehouse,Chicago,ING-024,Sourdough Loaf,Bakery,units,2.5,4369.49,2514.03,4567.27,2310.81,2316.25,5.44,13.6
INV-10631,01-10-2025,RST-104,Midtown Smokehouse,Chicago,ING-024,Sourdough Loaf,Bakery,units,2.5,2330.09,1455.75,2603.51,1179.85,1182.33,2.48,6.2
INV-10632,01-02-2025,RST-104,Midtown Smokehouse,Chicago,ING-024,Sourdough Loaf,Bakery,units,2.5,1343.45,1197,1833.23,703.12,707.22,4.1,10.25
INV-10633,01-01-2025,RST-104,Midtown Smokehouse,Chicago,ING-025,Tortilla Wraps,Bakery,units,0.25,1517.17,2032.65,2291.94,1249.67,1257.88,8.21,2.05
INV-10634,01-09-2025,RST-104,Midtown Smokehouse,Chicago,ING-025,Tortilla Wraps,Bakery,units,0.25,1309.52,848.86,1484.73,671.58,673.65,2.07,0.52
INV-10635,01-10-2025,RST-104,Midtown Smokehouse,Chicago,ING-025,Tortilla Wraps,Bakery,units,0.25,4362.59,2557.89,3964.65,2949.48,2955.83,6.35,1.59
INV-10636,01-08-2025,RST-104,Midtown Smokehouse,Chicago,ING-025,Tortilla Wraps,Bakery,units,0.25,2883.15,3385.76,3942.07,2321.05,2326.84,5.79,1.45
INV-10637,01-12-2025,RST-104,Midtown Smokehouse,Chicago,ING-025,Tortilla Wraps,Bakery,units,0.25,952.12,914.48,1194.44,668.49,672.16,3.67,0.92
INV-10638,01-01-2025,RST-104,Midtown Smokehouse,Chicago,ING-026,Truffle Mayo,Condiments & Oils,fl oz,0.35,885.51,479.45,884.21,470.85,480.75,9.9,3.46
INV-10639,01-12-2025,RST-104,Midtown Smokehouse,Chicago,ING-026,Truffle Mayo,Condiments & Oils,fl oz,0.35,2611.67,2819.03,3528.08,1893.54,1902.62,9.08,3.18
INV-10640,01-04-2025,RST-104,Midtown Smokehouse,Chicago,ING-026,Truffle Mayo,Condiments & Oils,fl oz,0.35,3037.24,3964.08,4655.7,2337.47,2345.62,8.15,2.85
INV-10641,01-07-2025,RST-104,Midtown Smokehouse,Chicago,ING-027,Extra Virgin Olive Oil,Condiments & Oils,fl oz,0.4,1208.72,1204.34,1530.25,874.95,882.81,7.86,3.14
INV-10642,01-04-2025,RST-104,Midtown Smokehouse,Chicago,ING-027,Extra Virgin Olive Oil,Condiments & Oils,fl oz,0.4,3790.09,2442.24,3799.27,2431.91,2433.06,1.15,0.46
INV-10643,01-03-2025,RST-104,Midtown Smokehouse,Chicago,ING-027,Extra Virgin Olive Oil,Condiments & Oils,fl oz,0.4,2814.7,2644.07,,2165.92,2172.34,6.42,2.57
INV-10644,01-02-2025,RST-104,Midtown Smokehouse,Chicago,ING-027,Extra Virgin Olive Oil,Condiments & Oils,fl oz,0.4,4553.52,2977.66,4687.81,2836.48,2843.37,6.89,2.76
INV-10645,01-12-2025,RST-104,Midtown Smokehouse,Chicago,ING-028,Soy Sauce,Condiments & Oils,fl oz,0.15,3031.6,3600.86,4214.34,2411.29,2418.12,6.83,1.02
INV-10646,01-10-2025,RST-104,Midtown Smokehouse,Chicago,ING-028,Soy Sauce,Condiments & Oils,fl oz,0.15,2089.62,1743.4,2829.75,1001.85,1003.27,1.42,0.21
INV-10647,01-07-2025,RST-104,Midtown Smokehouse,Chicago,ING-028,Soy Sauce,Condiments & Oils,fl oz,0.15,2178.59,2091.96,3029.79,1231.1,1240.76,9.66,1.45
INV-10648,01-03-2025,RST-104,Midtown Smokehouse,Chicago,ING-028,Soy Sauce,Condiments & Oils,fl oz,0.15,3381.53,2070.33,3891.32,1554.7,1560.54,5.84,0.88
INV-10649,01-09-2025,RST-104,Midtown Smokehouse,Chicago,ING-029,Balsamic Glaze,Condiments & Oils,fl oz,0.5,2288.91,1687.76,2994.26,973.16,982.41,9.25,4.62
INV-10650,01-10-2025,RST-104,Midtown Smokehouse,Chicago,ING-029,Balsamic Glaze,Condiments & Oils,fl oz,0.5,4142.67,2469.08,,2052.08,2059.85,7.77,3.88
INV-10651,01-01-2025,RST-104,Midtown Smokehouse,Chicago,ING-029,Balsamic Glaze,Condiments & Oils,fl oz,0.5,3706.42,2188.33,4105.81,1781.36,1788.94,7.58,3.79
INV-10652,01-09-2025,RST-104,Midtown Smokehouse,Chicago,ING-030,Craft IPA Beer Keg,Beverages & Draft,pints,1.1,3000.82,1785.46,3079.11,1701.24,1707.17,5.93,6.52
INV-10653,01-03-2025,RST-104,Midtown Smokehouse,Chicago,ING-030,Craft IPA Beer Keg,Beverages & Draft,pints,1.1,2641.05,1130.33,2649.02,1113.4,1122.36,8.96,9.86
INV-10654,01-01-2025,RST-104,Midtown Smokehouse,Chicago,ING-030,Craft IPA Beer Keg,Beverages & Draft,pints,1.1,4222.65,2805.5,5166.43,1854.45,1861.72,7.27,8
INV-10655,01-12-2025,RST-104,Midtown Smokehouse,Chicago,ING-030,Craft IPA Beer Keg,Beverages & Draft,pints,1.1,1870.01,1256.83,1874.83,1243.3,1252.01,8.71,9.58
INV-10656,01-04-2025,RST-104,Midtown Smokehouse,Chicago,ING-030,Craft IPA Beer Keg,Beverages & Draft,pints,1.1,4490.56,2361.88,4314.89,2533.11,2537.55,4.44,4.88
INV-10657,01-06-2025,RST-104,Midtown Smokehouse,Chicago,ING-031,House Red Wine,Beverages & Draft,glasses,2.5,4077.19,4040.88,5274.89,2840.18,2843.18,3,7.5
INV-10658,01-09-2025,RST-104,Midtown Smokehouse,Chicago,ING-031,House Red Wine,Beverages & Draft,glasses,2.5,2290.11,1459.12,2548.03,1198.76,1201.2,2.44,6.1
INV-10659,01-05-2025,RST-104,Midtown Smokehouse,Chicago,ING-031,House Red Wine,Beverages & Draft,glasses,2.5,1472.34,1315.02,1933.85,844.43,853.51,9.08,22.7
INV-10660,01-02-2025,RST-104,Midtown Smokehouse,Chicago,ING-031,House Red Wine,Beverages & Draft,glasses,2.5,1058.67,557.01,995.8,618.73,619.88,1.15,2.88
INV-10661,01-08-2025,RST-104,Midtown Smokehouse,Chicago,ING-031,House Red Wine,Beverages & Draft,glasses,2.5,4205.28,2042.05,4123.76,2120.47,2123.57,3.1,7.75
INV-10662,01-03-2025,RST-104,Midtown Smokehouse,Chicago,ING-032,Espresso Beans,Beverages & Draft,oz,0.6,4152.61,3428.19,4769.73,2809.98,2811.07,1.09,0.65
INV-10663,01-11-2025,RST-104,Midtown Smokehouse,Chicago,ING-032,Espresso Beans,Beverages & Draft,oz,0.6,5657.29,4595.16,7613.74,2630.68,2638.71,8.03,4.82
INV-10664,01-08-2025,RST-104,Midtown Smokehouse,Chicago,ING-032,Espresso Beans,Beverages & Draft,oz,0.6,1850.49,1820.68,2451.25,1215.64,1219.92,4.28,2.57
INV-10665,01-04-2025,RST-104,Midtown Smokehouse,Chicago,ING-032,Espresso Beans,Beverages & Draft,oz,0.6,2261.82,1613.59,1997.43,1872.16,1877.98,5.82,3.49
INV-10666,01-02-2025,RST-104,Midtown Smokehouse,Chicago,ING-032,Espresso Beans,Beverages & Draft,oz,0.6,4074.68,1744.44,3941.71,1871.79,1877.41,5.62,3.37
INV-10667,01-03-2025,RST-104,Midtown Smokehouse,Chicago,ING-033,Cold Brew Concentrate,Beverages & Draft,fl oz,0.45,3192.35,2190.58,3350.15,2028.79,2032.78,3.99,1.8
INV-10668,01-09-2025,RST-104,Midtown Smokehouse,Chicago,ING-033,Cold Brew Concentrate,Beverages & Draft,fl oz,0.45,4951.09,3310.36,6130.63,2123.27,2130.82,7.55,3.4
INV-10669,01-07-2025,RST-104,Midtown Smokehouse,Chicago,ING-033,Cold Brew Concentrate,Beverages & Draft,fl oz,0.45,3488.01,2244.8,4070.44,1659.42,1662.37,2.95,1.33
INV-10670,01-02-2025,RST-104,Midtown Smokehouse,Chicago,ING-033,Cold Brew Concentrate,Beverages & Draft,fl oz,0.45,1493.88,1612.14,2157.76,942.33,948.26,5.93,2.67
INV-10671,01-06-2025,RST-104,Midtown Smokehouse,Chicago,ING-033,Cold Brew Concentrate,Beverages & Draft,fl oz,0.45,3809.66,2787.59,4286.97,2308.15,2310.28,2.13,0.96
INV-10672,01-11-2025,RST-105,Loop Craft Kitchen,Chicago,ING-001,Prime Angus Beef Patty,Meat & Poultry,lbs,6.5,,360.4,565.26,324.13,326.23,2.1,13.65
INV-10673,01-01-2025,RST-105,Loop Craft Kitchen,Chicago,ING-001,Prime Angus Beef Patty,Meat & Poultry,lbs,6.5,351.81,288.52,459.98,172.24,180.35,8.11,52.71
INV-10674,01-10-2025,RST-105,Loop Craft Kitchen,Chicago,ING-001,Prime Angus Beef Patty,Meat & Poultry,lbs,6.5,366.04,173.62,346.53,191.72,193.13,1.41,9.16
INV-10675,01-08-2025,RST-105,Loop Craft Kitchen,Chicago,ING-001,Prime Angus Beef Patty,Meat & Poultry,lbs,6.5,998.37,464.52,934.93,526.65,527.96,1.31,8.52
INV-10676,01-06-2025,RST-105,Loop Craft Kitchen,Chicago,ING-002,Chicken Breast,Meat & Poultry,lbs,4.2,1276.68,806.96,1564.09,514.64,519.55,4.91,20.62
INV-10677,01-05-2025,RST-105,Loop Craft Kitchen,Chicago,ING-002,Chicken Breast,Meat & Poultry,lbs,4.2,782.1,571.77,958.17,390.19,395.7,5.51,23.14
INV-10678,01-08-2025,RST-105,Loop Craft Kitchen,Chicago,ING-002,Chicken Breast,Meat & Poultry,lbs,4.2,638.87,638.37,754.57,519.16,522.67,3.51,14.74
INV-10679,01-01-2025,RST-105,Loop Craft Kitchen,Chicago,ING-002,Chicken Breast,Meat & Poultry,lbs,4.2,244.56,258.13,313.02,183.96,189.67,5.71,23.98
INV-10680,01-10-2025,RST-105,Loop Craft Kitchen,Chicago,ING-003,Ribeye Steak,Meat & Poultry,lbs,14.5,379.32,506.38,596.39,287.09,289.31,2.22,32.19
INV-10681,01-09-2025,RST-105,Loop Craft Kitchen,Chicago,ING-003,Ribeye Steak,Meat & Poultry,lbs,14.5,468.11,4629.54,608,198.65,206.54,197.25,2860.12
INV-10682,01-03-2025,RST-105,Loop Craft Kitchen,Chicago,ING-003,Ribeye Steak,Meat & Poultry,lbs,14.5,124.39,121.95,140.54,103.51,105.8,2.29,33.2
INV-10683,01-04-2025,RST-105,Loop Craft Kitchen,Chicago,ING-003,Ribeye Steak,Meat & Poultry,lbs,14.5,201.88,195.14,281.16,111.95,115.86,3.91,56.7
INV-10684,01-06-2025,RST-105,Loop Craft Kitchen,Chicago,ING-003,Ribeye Steak,Meat & Poultry,lbs,14.5,1084.86,556.8,1105.07,529.74,536.59,6.85,99.32
INV-10685,01-07-2025,RST-105,Loop Craft Kitchen,Chicago,ING-004,Pork Shoulder,Meat & Poultry,lbs,3.8,1148.23,890.49,1333.84,703.76,704.88,1.12,4.26
INV-10686,01-12-2025,RST-105,Loop Craft Kitchen,Chicago,ING-004,Pork Shoulder,Meat & Poultry,lbs,3.8,235.1,126.69,202.07,153.04,159.72,6.68,25.38
INV-10687,01-05-2025,RST-105,Loop Craft Kitchen,Chicago,ING-004,Pork Shoulder,Meat & Poultry,lbs,3.8,721.35,367.6,708.13,377.16,380.82,3.66,13.91
INV-10688,01-03-2025,RST-105,Loop Craft Kitchen,Chicago,ING-005,Ground Turkey,Meat & Poultry,lbs,4,806.16,842.47,1153.38,490.59,495.25,4.66,18.64
INV-10689,01-01-2025,RST-105,Loop Craft Kitchen,Chicago,ING-005,Ground Turkey,Meat & Poultry,lbs,4,411.2,211.16,423.5,193.13,198.86,5.73,22.92
INV-10690,01-12-2025,RST-105,Loop Craft Kitchen,Chicago,ING-005,Ground Turkey,Meat & Poultry,lbs,4,1312.2,881.42,1632.94,553.59,560.68,7.09,28.36
INV-10691,01-06-2025,RST-105,Loop Craft Kitchen,Chicago,ING-005,Ground Turkey,Meat & Poultry,lbs,4,1316.32,593.67,1367.22,541.76,542.77,1.01,4.04
INV-10692,01-11-2025,RST-105,Loop Craft Kitchen,Chicago,ING-005,Ground Turkey,Meat & Poultry,lbs,4,410.52,404.59,531.64,276.77,283.47,6.7,26.8
INV-10693,01-03-2025,RST-105,Loop Craft Kitchen,Chicago,ING-006,Atlantic Salmon Fillet,Seafood,lbs,11.5,1425.09,629.66,1353.17,696.96,701.58,4.62,53.13
INV-10694,01-02-2025,RST-105,Loop Craft Kitchen,Chicago,ING-006,Atlantic Salmon Fillet,Seafood,lbs,11.5,1270.28,526.88,1222.35,573.81,574.81,1,11.5
INV-10695,01-09-2025,RST-105,Loop Craft Kitchen,Chicago,ING-006,Atlantic Salmon Fillet,Seafood,lbs,11.5,936.41,593.56,965.96,562.89,564.01,1.12,12.88
INV-10696,01-10-2025,RST-105,Loop Craft Kitchen,Chicago,ING-006,Atlantic Salmon Fillet,Seafood,lbs,11.5,1040.67,793.03,1376.42,451.19,457.28,6.09,70.03
INV-10697,01-11-2025,RST-105,Loop Craft Kitchen,Chicago,ING-007,Jumbo Shrimp,Seafood,lbs,12,403.92,297.66,386.99,304.7,314.59,9.89,118.68
INV-10698,01-10-2025,RST-105,Loop Craft Kitchen,Chicago,ING-007,Jumbo Shrimp,Seafood,lbs,12,735.14,650.49,987,388.67,398.63,9.96,119.52
INV-10699,01-07-2025,RST-105,Loop Craft Kitchen,Chicago,ING-007,Jumbo Shrimp,Seafood,lbs,12,1080.19,539.53,1137.21,478.76,482.51,3.75,45
INV-10700,01-12-2025,RST-105,Loop Craft Kitchen,Chicago,ING-008,Yellowfin Tuna,Seafood,lbs,16,1000.33,714.32,1230.85,476.02,483.8,7.78,124.48
INV-10701,01-10-2025,RST-105,Loop Craft Kitchen,Chicago,ING-008,Yellowfin Tuna,Seafood,lbs,16,1234.58,1021.23,1581.88,667.36,673.93,6.57,105.12
INV-10702,01-09-2025,RST-105,Loop Craft Kitchen,Chicago,ING-008,Yellowfin Tuna,Seafood,lbs,16,272.98,240.03,286.7,221.32,226.31,4.99,79.84
INV-10703,01-09-2025,RST-105,Loop Craft Kitchen,Chicago,ING-009,Lobster Tail,Seafood,lbs,22,618.15,407.4,736.46,280.6,289.09,8.49,186.78
INV-10704,01-01-2025,RST-105,Loop Craft Kitchen,Chicago,ING-009,Lobster Tail,Seafood,lbs,22,1333.36,636.21,1234.08,734.06,735.49,1.43,31.46
INV-10705,01-05-2025,RST-105,Loop Craft Kitchen,Chicago,ING-009,Lobster Tail,Seafood,lbs,22,704.83,386.62,795.82,292.18,295.63,3.45,75.9
INV-10706,01-11-2025,RST-105,Loop Craft Kitchen,Chicago,ING-010,Aged Cheddar Slices,Dairy & Cheese,lbs,5.1,472.01,303.12,547.44,223.46,227.69,4.23,21.57
INV-10707,01-02-2025,RST-105,Loop Craft Kitchen,Chicago,ING-010,Aged Cheddar Slices,Dairy & Cheese,lbs,5.1,849.69,772.53,928.34,692.37,693.88,1.51,7.7
INV-10708,01-09-2025,RST-105,Loop Craft Kitchen,Chicago,ING-010,Aged Cheddar Slices,Dairy & Cheese,lbs,5.1,1263.93,676.82,1335.43,598.24,605.32,7.08,36.11
INV-10709,01-05-2025,RST-105,Loop Craft Kitchen,Chicago,ING-010,Aged Cheddar Slices,Dairy & Cheese,lbs,5.1,780.16,448.2,866.29,357.36,362.07,4.71,24.02
INV-10710,01-10-2025,RST-105,Loop Craft Kitchen,Chicago,ING-011,Mozzarella Cheese,Dairy & Cheese,lbs,4.5,595.49,308.34,576.36,320.55,327.47,6.92,31.14
INV-10711,01-08-2025,RST-105,Loop Craft Kitchen,Chicago,ING-011,Mozzarella Cheese,Dairy & Cheese,lbs,4.5,1337.84,864.36,1449.05,748.54,753.15,4.61,20.75
INV-10712,01-05-2025,RST-105,Loop Craft Kitchen,Chicago,ING-011,Mozzarella Cheese,Dairy & Cheese,lbs,4.5,410.59,212.41,443.66,174.85,179.34,4.49,20.21
INV-10713,01-06-2025,RST-105,Loop Craft Kitchen,Chicago,ING-011,Mozzarella Cheese,Dairy & Cheese,lbs,4.5,938.43,765.83,1173.91,528.8,530.35,1.55,6.98
INV-10714,01-03-2025,RST-105,Loop Craft Kitchen,Chicago,ING-012,Heavy Cream,Dairy & Cheese,quarts,3.2,960.86,590.12,1055.77,491.17,495.21,4.04,12.93
INV-10715,01-05-2025,RST-105,Loop Craft Kitchen,Chicago,ING-012,Heavy Cream,Dairy & Cheese,quarts,3.2,311.84,175.63,297.42,182.44,190.05,7.61,24.35
INV-10716,01-04-2025,RST-105,Loop Craft Kitchen,Chicago,ING-012,Heavy Cream,Dairy & Cheese,quarts,3.2,300.84,318.81,377.55,235.74,242.1,6.36,20.35
INV-10717,01-11-2025,RST-105,Loop Craft Kitchen,Chicago,ING-012,Heavy Cream,Dairy & Cheese,quarts,3.2,1300.19,763.74,1388.96,666.74,674.97,8.23,26.34
INV-10718,01-12-2025,RST-105,Loop Craft Kitchen,Chicago,ING-012,Heavy Cream,Dairy & Cheese,quarts,3.2,587.92,616.24,743.81,451.18,460.35,9.17,29.34
INV-10719,01-09-2025,RST-105,Loop Craft Kitchen,Chicago,ING-013,Unsalted Butter,Dairy & Cheese,lbs,3.8,832.75,815.25,1002.84,638.49,645.16,6.67,25.35
INV-10720,01-08-2025,RST-105,Loop Craft Kitchen,Chicago,ING-013,Unsalted Butter,Dairy & Cheese,lbs,3.8,1416.79,687.84,1456.54,638.62,648.09,9.47,35.99
INV-10721,01-11-2025,RST-105,Loop Craft Kitchen,Chicago,ING-013,Unsalted Butter,Dairy & Cheese,lbs,3.8,422.7,320.22,559.51,180.82,183.41,2.59,9.84
INV-10722,01-10-2025,RST-105,Loop Craft Kitchen,Chicago,ING-013,Unsalted Butter,Dairy & Cheese,lbs,3.8,713.03,686.3,824.34,569.34,574.99,5.65,21.47
INV-10723,01-06-2025,RST-105,Loop Craft Kitchen,Chicago,ING-014,Parmesan Reggiano,Dairy & Cheese,lbs,9.5,352.34,168.52,362.68,155.99,158.18,2.19,20.8
INV-10724,01-08-2025,RST-105,Loop Craft Kitchen,Chicago,ING-014,Parmesan Reggiano,Dairy & Cheese,lbs,9.5,786.15,455.74,854.49,385.91,387.4,1.49,14.15
INV-10725,01-11-2025,RST-105,Loop Craft Kitchen,Chicago,ING-014,Parmesan Reggiano,Dairy & Cheese,lbs,9.5,1162,579.36,1248.76,489.65,492.6,2.95,28.03
INV-10726,01-07-2025,RST-105,Loop Craft Kitchen,Chicago,ING-014,Parmesan Reggiano,Dairy & Cheese,lbs,9.5,489.59,628.23,721.7,387.68,396.12,8.44,80.18
INV-10727,01-03-2025,RST-105,Loop Craft Kitchen,Chicago,ING-014,Parmesan Reggiano,Dairy & Cheese,lbs,9.5,799.99,771.42,1083.22,482.2,488.19,5.99,56.91
INV-10728,01-02-2025,RST-105,Loop Craft Kitchen,Chicago,ING-015,Hass Avocado,Produce,units,1.25,2017.32,2662.1,3027.33,1643.67,1652.09,8.42,10.53
INV-10729,01-08-2025,RST-105,Loop Craft Kitchen,Chicago,ING-015,Hass Avocado,Produce,units,1.25,3839.58,4008.17,,2448.13,2454.02,5.89,7.36
INV-10730,01-12-2025,RST-105,Loop Craft Kitchen,Chicago,ING-015,Hass Avocado,Produce,units,1.25,2761.54,1114.45,2501.8,1371.9,1374.19,2.29,2.86
INV-10731,01-11-2025,RST-105,Loop Craft Kitchen,Chicago,ING-015,Hass Avocado,Produce,units,1.25,3535.5,3257.31,4458.38,2329.96,2334.43,4.47,5.59
INV-10732,01-04-2025,RST-105,Loop Craft Kitchen,Chicago,ING-015,Hass Avocado,Produce,units,1.25,6394.02,4415.15,8183.23,2622.5,2625.94,3.44,4.3
INV-10733,01-06-2025,RST-105,Loop Craft Kitchen,Chicago,ING-016,Romaine Lettuce,Produce,lbs,1.8,360.85,459.91,544.99,267.77,275.77,8,14.4
INV-10734,01-02-2025,RST-105,Loop Craft Kitchen,Chicago,ING-016,Romaine Lettuce,Produce,lbs,1.8,1506.09,840.68,1707.19,634.52,639.58,5.06,9.11
INV-10735,01-01-2025,RST-105,Loop Craft Kitchen,Chicago,ING-016,Romaine Lettuce,Produce,lbs,1.8,618.79,394.78,693.76,314.75,319.81,5.06,9.11
INV-10736,01-11-2025,RST-105,Loop Craft Kitchen,Chicago,ING-016,Romaine Lettuce,Produce,lbs,1.8,,1131.91,2172.88,709,716.81,7.81,14.06
INV-10737,01-11-2025,RST-105,Loop Craft Kitchen,Chicago,ING-017,Idaho Russet Potatoes,Produce,lbs,0.85,669.31,305.45,625.33,348.39,349.43,1.04,0.88
INV-10738,01-10-2025,RST-105,Loop Craft Kitchen,Chicago,ING-017,Idaho Russet Potatoes,Produce,lbs,0.85,1089.97,648.72,1197.5,535.78,541.19,5.41,4.6
INV-10739,01-02-2025,RST-105,Loop Craft Kitchen,Chicago,ING-017,Idaho Russet Potatoes,Produce,lbs,0.85,455.6,420.13,503.1,370.04,372.63,2.59,2.2
INV-10740,01-01-2025,RST-105,Loop Craft Kitchen,Chicago,ING-017,Idaho Russet Potatoes,Produce,lbs,0.85,400.72,229.47,458.65,163.98,171.54,7.56,6.43
INV-10741,01-10-2025,RST-105,Loop Craft Kitchen,Chicago,ING-018,Roma Tomatoes,Produce,lbs,1.5,980.8,356.78,925.24,408.81,412.34,3.53,5.29
INV-10742,01-01-2025,RST-105,Loop Craft Kitchen,Chicago,ING-018,Roma Tomatoes,Produce,lbs,1.5,726.03,586.98,982.38,327.46,330.63,3.17,4.75
INV-10743,01-03-2025,RST-105,Loop Craft Kitchen,Chicago,ING-018,Roma Tomatoes,Produce,lbs,1.5,1523.6,684.78,1535.49,668.3,672.89,4.59,6.88
INV-10744,01-12-2025,RST-105,Loop Craft Kitchen,Chicago,ING-018,Roma Tomatoes,Produce,lbs,1.5,905.35,359.29,890.16,366.29,374.48,8.19,12.29
INV-10745,01-11-2025,RST-105,Loop Craft Kitchen,Chicago,ING-018,Roma Tomatoes,Produce,lbs,1.5,682.09,387.02,745.67,317.23,323.44,6.21,9.31
INV-10746,01-09-2025,RST-105,Loop Craft Kitchen,Chicago,ING-019,Red Onions,Produce,lbs,0.9,786.94,602.51,922.9,456.58,466.55,9.97,8.97
INV-10747,01-08-2025,RST-105,Loop Craft Kitchen,Chicago,ING-019,Red Onions,Produce,lbs,0.9,390.45,224.72,425.08,187.89,190.09,2.2,1.98
INV-10748,01-10-2025,RST-105,Loop Craft Kitchen,Chicago,ING-019,Red Onions,Produce,lbs,0.9,494.55,341.26,623.47,203.18,212.34,9.16,8.24
INV-10749,01-06-2025,RST-105,Loop Craft Kitchen,Chicago,ING-019,Red Onions,Produce,lbs,0.9,1095.02,860.22,1203.72,744.5,751.52,7.02,6.32
INV-10750,01-07-2025,RST-105,Loop Craft Kitchen,Chicago,ING-019,Red Onions,Produce,lbs,0.9,722.8,479.88,781.87,414.47,420.81,6.34,5.71
INV-10751,01-06-2025,RST-105,Loop Craft Kitchen,Chicago,ING-020,Fresh Basil,Produce,bunches,0.3,193.34,183.91,254.79,116.38,122.46,6.08,1.82
INV-10752,01-12-2025,RST-105,Loop Craft Kitchen,Chicago,ING-020,Fresh Basil,Produce,bunches,0.3,567.42,368.87,658.36,269.76,277.93,8.17,2.45
INV-10753,01-08-2025,RST-105,Loop Craft Kitchen,Chicago,ING-020,Fresh Basil,Produce,bunches,0.3,1151.58,744.27,1315.88,577.77,579.97,2.2,0.66
INV-10754,01-02-2025,RST-105,Loop Craft Kitchen,Chicago,ING-020,Fresh Basil,Produce,bunches,0.3,470.88,377.63,573.02,269.87,275.49,5.62,1.69
INV-10755,01-04-2025,RST-105,Loop Craft Kitchen,Chicago,ING-020,Fresh Basil,Produce,bunches,0.3,347.2,372.44,428.75,287.32,290.89,3.57,1.07
INV-10756,01-04-2025,RST-105,Loop Craft Kitchen,Chicago,ING-021,Wild Mushrooms,Produce,lbs,6,942.58,4962.31,897.18,564.37,567.65,82,492
INV-10757,01-10-2025,RST-105,Loop Craft Kitchen,Chicago,ING-021,Wild Mushrooms,Produce,lbs,6,806.15,669.73,956.42,517.36,519.46,2.1,12.6
INV-10758,01-12-2025,RST-105,Loop Craft Kitchen,Chicago,ING-021,Wild Mushrooms,Produce,lbs,6,776.87,688.17,974.5,482.26,490.54,8.28,49.68
INV-10759,01-01-2025,RST-105,Loop Craft Kitchen,Chicago,ING-021,Wild Mushrooms,Produce,lbs,6,788.39,525.31,812.18,497.57,501.52,3.95,23.7
INV-10760,01-03-2025,RST-105,Loop Craft Kitchen,Chicago,ING-022,Spinach,Produce,lbs,2.2,,140.53,317.22,143.79,151.3,7.51,16.52
INV-10761,01-04-2025,RST-105,Loop Craft Kitchen,Chicago,ING-022,Spinach,Produce,lbs,2.2,1282.39,830.48,1509.5,602.24,603.37,1.13,2.49
INV-10762,01-10-2025,RST-105,Loop Craft Kitchen,Chicago,ING-022,Spinach,Produce,lbs,2.2,663.9,396.89,717.78,334.24,343.01,8.77,19.29
INV-10763,01-02-2025,RST-105,Loop Craft Kitchen,Chicago,ING-023,Brioche Burger Buns,Bakery,units,0.45,4776.1,3578.66,6223.74,2122.68,2131.02,8.34,3.75
INV-10764,01-06-2025,RST-105,Loop Craft Kitchen,Chicago,ING-023,Brioche Burger Buns,Bakery,units,0.45,968.92,453.03,970.49,449.26,451.46,2.2,0.99
INV-10765,01-05-2025,RST-105,Loop Craft Kitchen,Chicago,ING-023,Brioche Burger Buns,Bakery,units,0.45,3328.39,1765.72,3031.8,2060.07,2062.31,2.24,1.01
INV-10766,01-12-2025,RST-105,Loop Craft Kitchen,Chicago,ING-024,Sourdough Loaf,Bakery,units,2.5,3610.07,2998.89,4870.62,1731.76,1738.34,6.58,16.45
INV-10767,01-06-2025,RST-105,Loop Craft Kitchen,Chicago,ING-024,Sourdough Loaf,Bakery,units,2.5,3258.7,2952.7,3717.27,2489.76,2494.13,4.37,10.93
INV-10768,01-01-2025,RST-105,Loop Craft Kitchen,Chicago,ING-024,Sourdough Loaf,Bakery,units,2.5,3777.39,2574.23,3643.31,2704.35,2708.31,3.96,9.9
INV-10769,01-02-2025,RST-105,Loop Craft Kitchen,Chicago,ING-024,Sourdough Loaf,Bakery,units,2.5,778.4,956.06,1188,541.61,546.46,4.85,12.12
INV-10770,01-07-2025,RST-105,Loop Craft Kitchen,Chicago,ING-024,Sourdough Loaf,Bakery,units,2.5,4380.61,2384.39,4719.42,2043.25,2045.58,2.33,5.83
INV-10771,01-01-2025,RST-105,Loop Craft Kitchen,Chicago,ING-025,Tortilla Wraps,Bakery,units,0.25,5804.55,2851.63,6211.61,2436.81,2444.57,7.76,1.94
INV-10772,01-08-2025,RST-105,Loop Craft Kitchen,Chicago,ING-025,Tortilla Wraps,Bakery,units,0.25,6283.93,2685.23,6227.36,2732.19,2741.8,9.61,2.4
INV-10773,01-10-2025,RST-105,Loop Craft Kitchen,Chicago,ING-025,Tortilla Wraps,Bakery,units,0.25,2263.55,1189.6,2068.41,1379.36,1384.74,5.38,1.34
INV-10774,01-02-2025,RST-105,Loop Craft Kitchen,Chicago,ING-025,Tortilla Wraps,Bakery,units,0.25,1040.95,763.36,1112.59,683.44,691.72,8.28,2.07
INV-10775,01-07-2025,RST-105,Loop Craft Kitchen,Chicago,ING-025,Tortilla Wraps,Bakery,units,0.25,4263.85,4439.12,6017.98,2676.27,2684.99,8.72,2.18
INV-10776,01-12-2025,RST-105,Loop Craft Kitchen,Chicago,ING-026,Truffle Mayo,Condiments & Oils,fl oz,0.35,3470.13,2229.95,3996.49,1701.51,1703.59,2.08,0.73
INV-10777,01-03-2025,RST-105,Loop Craft Kitchen,Chicago,ING-026,Truffle Mayo,Condiments & Oils,fl oz,0.35,2717.24,2012.59,3516.22,1211.37,1213.61,2.24,0.78
INV-10778,01-01-2025,RST-105,Loop Craft Kitchen,Chicago,ING-026,Truffle Mayo,Condiments & Oils,fl oz,0.35,4680.94,4205.92,6002.88,2876.21,2883.98,7.77,2.72
INV-10779,01-11-2025,RST-105,Loop Craft Kitchen,Chicago,ING-026,Truffle Mayo,Condiments & Oils,fl oz,0.35,6100.56,2794.61,6375.38,2511.06,2519.79,8.73,3.06
INV-10780,01-05-2025,RST-105,Loop Craft Kitchen,Chicago,ING-027,Extra Virgin Olive Oil,Condiments & Oils,fl oz,0.4,6449.09,2681.85,6493.98,2635.17,2636.96,1.79,0.72
INV-10781,01-10-2025,RST-105,Loop Craft Kitchen,Chicago,ING-027,Extra Virgin Olive Oil,Condiments & Oils,fl oz,0.4,2053.17,1337.53,2478.19,905.79,912.51,6.72,2.69
INV-10782,01-12-2025,RST-105,Loop Craft Kitchen,Chicago,ING-027,Extra Virgin Olive Oil,Condiments & Oils,fl oz,0.4,2818.79,1600.5,2969.34,1444.66,1449.95,5.29,2.12
INV-10783,01-02-2025,RST-105,Loop Craft Kitchen,Chicago,ING-028,Soy Sauce,Condiments & Oils,fl oz,0.15,1644.84,1681.74,2131.79,1191.03,1194.79,3.76,0.56
INV-10784,01-01-2025,RST-105,Loop Craft Kitchen,Chicago,ING-028,Soy Sauce,Condiments & Oils,fl oz,0.15,1612.5,1434.81,1790.67,1247.88,1256.64,8.76,1.31
INV-10785,01-09-2025,RST-105,Loop Craft Kitchen,Chicago,ING-028,Soy Sauce,Condiments & Oils,fl oz,0.15,2116.35,1438.19,2539.78,1005.99,1014.76,8.77,1.32
INV-10786,01-11-2025,RST-105,Loop Craft Kitchen,Chicago,ING-029,Balsamic Glaze,Condiments & Oils,fl oz,0.5,3108.56,2945.58,4295.18,1753.41,1758.96,5.55,2.77
INV-10787,01-03-2025,RST-105,Loop Craft Kitchen,Chicago,ING-029,Balsamic Glaze,Condiments & Oils,fl oz,0.5,2373.63,3066.62,3716.83,1720.17,1723.42,3.25,1.62
INV-10788,01-07-2025,RST-105,Loop Craft Kitchen,Chicago,ING-029,Balsamic Glaze,Condiments & Oils,fl oz,0.5,1218.18,824.31,1447,590.75,595.49,4.74,2.37
INV-10789,01-06-2025,RST-105,Loop Craft Kitchen,Chicago,ING-029,Balsamic Glaze,Condiments & Oils,fl oz,0.5,3325.77,1491.28,3310.97,1497.7,1506.08,8.38,4.19
INV-10790,01-03-2025,RST-105,Loop Craft Kitchen,Chicago,ING-030,Craft IPA Beer Keg,Beverages & Draft,pints,1.1,5277.94,5142.99,7427.91,2988.91,2993.02,4.11,4.52
INV-10791,01-10-2025,RST-105,Loop Craft Kitchen,Chicago,ING-030,Craft IPA Beer Keg,Beverages & Draft,pints,1.1,794.76,660.91,910.38,542.31,545.29,2.98,3.28
INV-10792,01-09-2025,RST-105,Loop Craft Kitchen,Chicago,ING-030,Craft IPA Beer Keg,Beverages & Draft,pints,1.1,957.21,658.52,1207.46,400.59,408.27,7.68,8.45
INV-10793,01-06-2025,RST-105,Loop Craft Kitchen,Chicago,ING-030,Craft IPA Beer Keg,Beverages & Draft,pints,1.1,1134.45,725.6,1016.21,836.32,843.84,7.52,8.27
INV-10794,01-11-2025,RST-105,Loop Craft Kitchen,Chicago,ING-031,House Red Wine,Beverages & Draft,glasses,2.5,3383.8,3483.93,4609.87,2248.6,2257.86,9.26,23.15
INV-10795,01-06-2025,RST-105,Loop Craft Kitchen,Chicago,ING-031,House Red Wine,Beverages & Draft,glasses,2.5,1022.97,1055.54,1394.16,680.88,684.35,3.47,8.68
INV-10796,01-10-2025,RST-105,Loop Craft Kitchen,Chicago,ING-031,House Red Wine,Beverages & Draft,glasses,2.5,2642.53,2534.62,3145.37,2024.13,2031.78,7.65,19.12
INV-10797,01-11-2025,RST-105,Loop Craft Kitchen,Chicago,ING-032,Espresso Beans,Beverages & Draft,oz,0.6,5431.57,5308.85,7761.64,2970.99,2978.78,7.79,4.67
INV-10798,01-08-2025,RST-105,Loop Craft Kitchen,Chicago,ING-032,Espresso Beans,Beverages & Draft,oz,0.6,1988.01,1875.24,2808.16,1046.37,1055.09,8.72,5.23
INV-10799,01-04-2025,RST-105,Loop Craft Kitchen,Chicago,ING-032,Espresso Beans,Beverages & Draft,oz,0.6,1383.56,748.24,1477.59,653.15,654.21,1.06,0.64
INV-10800,01-05-2025,RST-105,Loop Craft Kitchen,Chicago,ING-032,Espresso Beans,Beverages & Draft,oz,0.6,2181.08,2345.82,3073.81,1449.05,1453.09,4.04,2.42
INV-10801,01-09-2025,RST-105,Loop Craft Kitchen,Chicago,ING-032,Espresso Beans,Beverages & Draft,oz,0.6,3063.86,2826.67,3335.8,2551.56,2554.73,3.17,1.9
INV-10802,01-01-2025,RST-105,Loop Craft Kitchen,Chicago,ING-033,Cold Brew Concentrate,Beverages & Draft,fl oz,0.45,5397.55,3343.2,6231.74,2500.45,2509.01,8.56,3.85
INV-10803,01-08-2025,RST-105,Loop Craft Kitchen,Chicago,ING-033,Cold Brew Concentrate,Beverages & Draft,fl oz,0.45,2720.36,2300.06,3734.35,1282.24,1286.07,3.83,1.72
INV-10804,01-10-2025,RST-105,Loop Craft Kitchen,Chicago,ING-033,Cold Brew Concentrate,Beverages & Draft,fl oz,0.45,4945.49,3693.19,6478.77,2152.45,2159.91,7.46,3.36
INV-10805,01-02-2025,RST-105,Loop Craft Kitchen,Chicago,ING-033,Cold Brew Concentrate,Beverages & Draft,fl oz,0.45,1847.29,933.51,1635.57,1137.38,1145.23,7.85,3.53
INV-10806,01-05-2025,RST-105,Loop Craft Kitchen,Chicago,ING-033,Cold Brew Concentrate,Beverages & Draft,fl oz,0.45,1187.87,469.55,1143.75,511.12,513.67,2.55,1.15
INV-10807,01-10-2025,RST-106,Sunset Strip Burgers,Los Angeles,ING-001,Prime Angus Beef Patty,Meat & Poultry,lbs,6.5,1565.42,1166.51,2038.16,690.98,693.77,2.79,18.14
INV-10808,01-03-2025,RST-106,Sunset Strip Burgers,Los Angeles,ING-001,Prime Angus Beef Patty,Meat & Poultry,lbs,6.5,448.62,335.13,494.49,284.72,289.26,4.54,29.51
INV-10809,01-07-2025,RST-106,Sunset Strip Burgers,Los Angeles,ING-001,Prime Angus Beef Patty,Meat & Poultry,lbs,6.5,639.1,676.97,859.6,453.96,456.47,2.51,16.31
INV-10810,01-09-2025,RST-106,Sunset Strip Burgers,Los Angeles,ING-002,Chicken Breast,Meat & Poultry,lbs,4.2,805.35,368.37,810.08,360.97,363.64,2.67,11.21
INV-10811,01-11-2025,RST-106,Sunset Strip Burgers,Los Angeles,ING-002,Chicken Breast,Meat & Poultry,lbs,4.2,1057.56,761.77,1091.57,718.03,727.76,9.73,40.87
INV-10812,01-03-2025,RST-106,Sunset Strip Burgers,Los Angeles,ING-002,Chicken Breast,Meat & Poultry,lbs,4.2,1218.35,954.66,1593.41,577.56,579.6,2.04,8.57
INV-10813,01-04-2025,RST-106,Sunset Strip Burgers,Los Angeles,ING-003,Ribeye Steak,Meat & Poultry,lbs,14.5,1028.96,635.86,1150.47,508.57,514.35,5.78,83.81
INV-10814,01-09-2025,RST-106,Sunset Strip Burgers,Los Angeles,ING-003,Ribeye Steak,Meat & Poultry,lbs,14.5,1329.49,875.07,1610.52,584.72,594.04,9.32,135.14
INV-10815,01-03-2025,RST-106,Sunset Strip Burgers,Los Angeles,ING-003,Ribeye Steak,Meat & Poultry,lbs,14.5,1222.36,931.71,1511.52,633.21,642.55,9.34,135.43
INV-10816,01-03-2025,RST-106,Sunset Strip Burgers,Los Angeles,ING-004,Pork Shoulder,Meat & Poultry,lbs,3.8,404.4,366.99,510.62,254.36,260.77,6.41,24.36
INV-10817,01-12-2025,RST-106,Sunset Strip Burgers,Los Angeles,ING-004,Pork Shoulder,Meat & Poultry,lbs,3.8,923.28,897.18,1265.17,552.45,555.29,2.84,10.79
INV-10818,01-11-2025,RST-106,Sunset Strip Burgers,Los Angeles,ING-004,Pork Shoulder,Meat & Poultry,lbs,3.8,907.43,396.85,897.41,404.88,406.87,1.99,7.56
INV-10819,01-08-2025,RST-106,Sunset Strip Burgers,Los Angeles,ING-004,Pork Shoulder,Meat & Poultry,lbs,3.8,1109.92,1000.71,1435.01,674.39,675.62,1.23,4.67
INV-10820,01-04-2025,RST-106,Sunset Strip Burgers,Los Angeles,ING-005,Ground Turkey,Meat & Poultry,lbs,4,680.86,747.92,970.62,453.58,458.16,4.58,18.32
INV-10821,01-07-2025,RST-106,Sunset Strip Burgers,Los Angeles,ING-005,Ground Turkey,Meat & Poultry,lbs,4,585.69,296.69,620.77,259.61,261.61,2,8
INV-10822,01-02-2025,RST-106,Sunset Strip Burgers,Los Angeles,ING-005,Ground Turkey,Meat & Poultry,lbs,4,920.84,713.07,1159.98,470.77,473.93,3.16,12.64
INV-10823,01-06-2025,RST-106,Sunset Strip Burgers,Los Angeles,ING-005,Ground Turkey,Meat & Poultry,lbs,4,608.73,342.21,553.6,388.45,397.34,8.89,35.56
INV-10824,01-11-2025,RST-106,Sunset Strip Burgers,Los Angeles,ING-005,Ground Turkey,Meat & Poultry,lbs,4,913.39,802.92,1139.73,573.77,576.58,2.81,11.24
INV-10825,01-10-2025,RST-106,Sunset Strip Burgers,Los Angeles,ING-006,Atlantic Salmon Fillet,Seafood,lbs,11.5,628.89,710,912.63,424.48,426.26,1.78,20.47
INV-10826,01-06-2025,RST-106,Sunset Strip Burgers,Los Angeles,ING-006,Atlantic Salmon Fillet,Seafood,lbs,11.5,874.8,442.54,893.92,416.8,423.42,6.62,76.13
INV-10827,01-05-2025,RST-106,Sunset Strip Burgers,Los Angeles,ING-006,Atlantic Salmon Fillet,Seafood,lbs,11.5,925.06,1097.48,1377.46,639.1,645.08,5.98,68.77
INV-10828,01-12-2025,RST-106,Sunset Strip Burgers,Los Angeles,ING-006,Atlantic Salmon Fillet,Seafood,lbs,11.5,518.35,327.54,543.86,294.5,302.03,7.53,86.59
INV-10829,01-11-2025,RST-106,Sunset Strip Burgers,Los Angeles,ING-007,Jumbo Shrimp,Seafood,lbs,12,451.91,428.81,516.88,356.78,363.84,7.06,84.72
INV-10830,01-02-2025,RST-106,Sunset Strip Burgers,Los Angeles,ING-007,Jumbo Shrimp,Seafood,lbs,12,853.66,454.38,908.6,392.73,399.44,6.71,80.52
INV-10831,01-01-2025,RST-106,Sunset Strip Burgers,Los Angeles,ING-007,Jumbo Shrimp,Seafood,lbs,12,480.86,297.63,554.48,221.17,224.01,2.84,34.08
INV-10832,01-08-2025,RST-106,Sunset Strip Burgers,Los Angeles,ING-008,Yellowfin Tuna,Seafood,lbs,16,1120.38,548.24,1160.41,498.55,508.21,9.66,154.56
INV-10833,01-05-2025,RST-106,Sunset Strip Burgers,Los Angeles,ING-008,Yellowfin Tuna,Seafood,lbs,16,898.01,663.58,1106.43,448.16,455.16,7,112
INV-10834,01-02-2025,RST-106,Sunset Strip Burgers,Los Angeles,ING-008,Yellowfin Tuna,Seafood,lbs,16,759.42,368.94,695.03,432.13,433.33,1.2,19.2
INV-10835,01-12-2025,RST-106,Sunset Strip Burgers,Los Angeles,ING-008,Yellowfin Tuna,Seafood,lbs,16,543.5,395.11,603.69,332.67,334.92,2.25,36
INV-10836,01-06-2025,RST-106,Sunset Strip Burgers,Los Angeles,ING-008,Yellowfin Tuna,Seafood,lbs,16,1341.71,1008.12,1764.59,579.81,585.24,5.43,86.88
INV-10837,01-01-2025,RST-106,Sunset Strip Burgers,Los Angeles,ING-009,Lobster Tail,Seafood,lbs,22,835.75,621.75,960.56,488.25,496.94,8.69,191.18
INV-10838,01-08-2025,RST-106,Sunset Strip Burgers,Los Angeles,ING-009,Lobster Tail,Seafood,lbs,22,748.1,285.09,704.2,321,328.99,7.99,175.78
INV-10839,01-11-2025,RST-106,Sunset Strip Burgers,Los Angeles,ING-009,Lobster Tail,Seafood,lbs,22,934.94,800.84,1082.38,650.91,653.4,2.49,54.78
INV-10840,01-07-2025,RST-106,Sunset Strip Burgers,Los Angeles,ING-009,Lobster Tail,Seafood,lbs,22,1060.39,802.76,1301.09,559.29,562.06,2.77,60.94
INV-10841,01-09-2025,RST-106,Sunset Strip Burgers,Los Angeles,ING-010,Aged Cheddar Slices,Dairy & Cheese,lbs,5.1,461.95,447.47,607.61,299.07,301.81,2.74,13.97
INV-10842,01-07-2025,RST-106,Sunset Strip Burgers,Los Angeles,ING-010,Aged Cheddar Slices,Dairy & Cheese,lbs,5.1,303.19,259.88,400.9,160.26,162.17,1.91,9.74
INV-10843,01-12-2025,RST-106,Sunset Strip Burgers,Los Angeles,ING-010,Aged Cheddar Slices,Dairy & Cheese,lbs,5.1,,788.25,1558.24,614.73,616.25,1.52,7.75
INV-10844,01-08-2025,RST-106,Sunset Strip Burgers,Los Angeles,ING-011,Mozzarella Cheese,Dairy & Cheese,lbs,4.5,1172.56,590.69,1160.81,595.44,602.44,7,31.5
INV-10845,01-07-2025,RST-106,Sunset Strip Burgers,Los Angeles,ING-011,Mozzarella Cheese,Dairy & Cheese,lbs,4.5,1001.92,651.6,1142.56,505.2,510.96,5.76,25.92
INV-10846,01-09-2025,RST-106,Sunset Strip Burgers,Los Angeles,ING-011,Mozzarella Cheese,Dairy & Cheese,lbs,4.5,595.14,316.61,586.11,317.39,325.64,8.25,37.12
INV-10847,01-03-2025,RST-106,Sunset Strip Burgers,Los Angeles,ING-011,Mozzarella Cheese,Dairy & Cheese,lbs,4.5,289.3,272.91,334.53,220.76,227.68,6.92,31.14
INV-10848,01-07-2025,RST-106,Sunset Strip Burgers,Los Angeles,ING-012,Heavy Cream,Dairy & Cheese,quarts,3.2,615.04,469.85,789.01,287.12,295.88,8.76,28.03
INV-10849,01-01-2025,RST-106,Sunset Strip Burgers,Los Angeles,ING-012,Heavy Cream,Dairy & Cheese,quarts,3.2,704.83,256.82,654.8,305.4,306.85,1.45,4.64
INV-10850,01-03-2025,RST-106,Sunset Strip Burgers,Los Angeles,ING-012,Heavy Cream,Dairy & Cheese,quarts,3.2,647.8,568.25,703.71,505.29,512.34,7.05,22.56
INV-10851,01-09-2025,RST-106,Sunset Strip Burgers,Los Angeles,ING-012,Heavy Cream,Dairy & Cheese,quarts,3.2,,345.19,478.45,319.22,324.34,5.12,16.38
INV-10852,01-05-2025,RST-106,Sunset Strip Burgers,Los Angeles,ING-013,Unsalted Butter,Dairy & Cheese,lbs,3.8,767.92,825.66,991.82,599.69,601.76,2.07,7.87
INV-10853,01-01-2025,RST-106,Sunset Strip Burgers,Los Angeles,ING-013,Unsalted Butter,Dairy & Cheese,lbs,3.8,156.92,202.15,233.31,123.7,125.76,2.06,7.83
INV-10854,01-07-2025,RST-106,Sunset Strip Burgers,Los Angeles,ING-013,Unsalted Butter,Dairy & Cheese,lbs,3.8,228.86,212.65,308.8,129.35,132.71,3.36,12.77
INV-10855,01-01-2025,RST-106,Sunset Strip Burgers,Los Angeles,ING-014,Parmesan Reggiano,Dairy & Cheese,lbs,9.5,1177.92,516.91,1189,501.19,505.83,4.64,44.08
INV-10856,01-08-2025,RST-106,Sunset Strip Burgers,Los Angeles,ING-014,Parmesan Reggiano,Dairy & Cheese,lbs,9.5,1736.64,1017.5,2002.87,745.62,751.27,5.65,53.68
INV-10857,01-10-2025,RST-106,Sunset Strip Burgers,Los Angeles,ING-014,Parmesan Reggiano,Dairy & Cheese,lbs,9.5,533.61,469.72,711.17,284.99,292.16,7.17,68.11
INV-10858,01-12-2025,RST-106,Sunset Strip Burgers,Los Angeles,ING-015,Hass Avocado,Produce,units,1.25,1619,12125.54,1587.45,846.97,848.54,39.25,49.06
INV-10859,01-05-2025,RST-106,Sunset Strip Burgers,Los Angeles,ING-015,Hass Avocado,Produce,units,1.25,1821.17,1611.53,2205.57,1225.21,1227.13,1.92,2.4
INV-10860,01-09-2025,RST-106,Sunset Strip Burgers,Los Angeles,ING-015,Hass Avocado,Produce,units,1.25,5599.48,3634.17,6873.25,2354.6,2360.4,5.8,7.25
INV-10861,01-11-2025,RST-106,Sunset Strip Burgers,Los Angeles,ING-015,Hass Avocado,Produce,units,1.25,5548.21,2138.02,5043.94,2637.74,2642.29,4.55,5.69
INV-10862,01-04-2025,RST-106,Sunset Strip Burgers,Los Angeles,ING-016,Romaine Lettuce,Produce,lbs,1.8,881.34,633.45,938.69,567.5,576.1,8.6,15.48
INV-10863,01-02-2025,RST-106,Sunset Strip Burgers,Los Angeles,ING-016,Romaine Lettuce,Produce,lbs,1.8,848.17,492.5,927.38,409.61,413.29,3.68,6.62
INV-10864,01-03-2025,RST-106,Sunset Strip Burgers,Los Angeles,ING-016,Romaine Lettuce,Produce,lbs,1.8,709.85,594.19,794.6,506.56,509.44,2.88,5.18
INV-10865,01-01-2025,RST-106,Sunset Strip Burgers,Los Angeles,ING-016,Romaine Lettuce,Produce,lbs,1.8,1340.62,991.61,1774.91,552.27,557.32,5.05,9.09
INV-10866,01-02-2025,RST-106,Sunset Strip Burgers,Los Angeles,ING-017,Idaho Russet Potatoes,Produce,lbs,0.85,371.47,362.49,423.6,306.64,310.36,3.72,3.16
INV-10867,01-12-2025,RST-106,Sunset Strip Burgers,Los Angeles,ING-017,Idaho Russet Potatoes,Produce,lbs,0.85,230.84,149.55,249.37,124.31,131.02,6.71,5.7
INV-10868,01-04-2025,RST-106,Sunset Strip Burgers,Los Angeles,ING-017,Idaho Russet Potatoes,Produce,lbs,0.85,683.6,895.18,1072.33,503.77,506.45,2.68,2.28
INV-10869,01-03-2025,RST-106,Sunset Strip Burgers,Los Angeles,ING-018,Roma Tomatoes,Produce,lbs,1.5,929.64,775.02,952.48,748.39,752.18,3.79,5.69
INV-10870,01-02-2025,RST-106,Sunset Strip Burgers,Los Angeles,ING-018,Roma Tomatoes,Produce,lbs,1.5,544.51,360.68,536.17,359.43,369.02,9.59,14.38
INV-10871,01-07-2025,RST-106,Sunset Strip Burgers,Los Angeles,ING-018,Roma Tomatoes,Produce,lbs,1.5,879.03,793.8,971.14,697.04,701.69,4.65,6.98
INV-10872,01-08-2025,RST-106,Sunset Strip Burgers,Los Angeles,ING-018,Roma Tomatoes,Produce,lbs,1.5,515.2,367.82,619.01,255.36,264.01,8.65,12.98
INV-10873,01-09-2025,RST-106,Sunset Strip Burgers,Los Angeles,ING-018,Roma Tomatoes,Produce,lbs,1.5,1108.09,845.36,1368.41,581.57,585.04,3.47,5.21
INV-10874,01-11-2025,RST-106,Sunset Strip Burgers,Los Angeles,ING-019,Red Onions,Produce,lbs,0.9,458.85,497.98,587.88,359.99,368.95,8.96,8.06
INV-10875,01-08-2025,RST-106,Sunset Strip Burgers,Los Angeles,ING-019,Red Onions,Produce,lbs,0.9,392.72,290.94,480.26,198.63,203.4,4.77,4.29
INV-10876,01-06-2025,RST-106,Sunset Strip Burgers,Los Angeles,ING-019,Red Onions,Produce,lbs,0.9,963.57,725,1131.79,555.71,556.78,1.07,0.96
INV-10877,01-03-2025,RST-106,Sunset Strip Burgers,Los Angeles,ING-019,Red Onions,Produce,lbs,0.9,1132.08,460.8,1038.95,549.62,553.93,4.31,3.88
INV-10878,01-06-2025,RST-106,Sunset Strip Burgers,Los Angeles,ING-020,Fresh Basil,Produce,bunches,0.3,939.94,425.19,971.53,388.32,393.6,5.28,1.58
INV-10879,01-10-2025,RST-106,Sunset Strip Burgers,Los Angeles,ING-020,Fresh Basil,Produce,bunches,0.3,1240.75,984.88,1623.66,592,601.97,9.97,2.99
INV-10880,01-05-2025,RST-106,Sunset Strip Burgers,Los Angeles,ING-020,Fresh Basil,Produce,bunches,0.3,507.49,313.45,435.94,377.46,385,7.54,2.26
INV-10881,01-03-2025,RST-106,Sunset Strip Burgers,Los Angeles,ING-020,Fresh Basil,Produce,bunches,0.3,993.43,640.35,964.11,668.11,669.67,1.56,0.47
INV-10882,01-09-2025,RST-106,Sunset Strip Burgers,Los Angeles,ING-020,Fresh Basil,Produce,bunches,0.3,1018.66,762.79,1141.17,634.76,640.28,5.52,1.66
INV-10883,01-11-2025,RST-106,Sunset Strip Burgers,Los Angeles,ING-021,Wild Mushrooms,Produce,lbs,6,339.6,361.94,489.43,208.02,212.11,4.09,24.54
INV-10884,01-01-2025,RST-106,Sunset Strip Burgers,Los Angeles,ING-021,Wild Mushrooms,Produce,lbs,6,1358.97,726.81,1334.48,742.28,751.3,9.02,54.12
INV-10885,01-06-2025,RST-106,Sunset Strip Burgers,Los Angeles,ING-021,Wild Mushrooms,Produce,lbs,6,847.39,712.11,1158.82,399.23,400.68,1.45,8.7
INV-10886,01-03-2025,RST-106,Sunset Strip Burgers,Los Angeles,ING-022,Spinach,Produce,lbs,2.2,338.79,263.44,409.99,187.38,192.24,4.86,10.69
INV-10887,01-02-2025,RST-106,Sunset Strip Burgers,Los Angeles,ING-022,Spinach,Produce,lbs,2.2,260.95,95.33,230.8,117.62,125.48,7.86,17.29
INV-10888,01-04-2025,RST-106,Sunset Strip Burgers,Los Angeles,ING-022,Spinach,Produce,lbs,2.2,1199.78,909.04,1422.88,680.65,685.94,5.29,11.64
INV-10889,01-12-2025,RST-106,Sunset Strip Burgers,Los Angeles,ING-023,Brioche Burger Buns,Bakery,units,0.45,1015.62,898.17,1379.11,531.32,534.68,3.36,1.51
INV-10890,01-10-2025,RST-106,Sunset Strip Burgers,Los Angeles,ING-023,Brioche Burger Buns,Bakery,units,0.45,2639.77,2852.23,3855.74,1627.85,1636.26,8.41,3.78
INV-10891,01-08-2025,RST-106,Sunset Strip Burgers,Los Angeles,ING-023,Brioche Burger Buns,Bakery,units,0.45,4405.85,3635.64,5793.56,2243.4,2247.93,4.53,2.04
INV-10892,01-11-2025,RST-106,Sunset Strip Burgers,Los Angeles,ING-023,Brioche Burger Buns,Bakery,units,0.45,3360.24,1810.3,3605.33,1563.63,1565.21,1.58,0.71
INV-10893,01-12-2025,RST-106,Sunset Strip Burgers,Los Angeles,ING-024,Sourdough Loaf,Bakery,units,2.5,3340.17,4453.46,5019.14,2764.95,2774.49,9.54,23.85
INV-10894,01-11-2025,RST-106,Sunset Strip Burgers,Los Angeles,ING-024,Sourdough Loaf,Bakery,units,2.5,898.73,1122.39,1377.83,637.45,643.29,5.84,14.6
INV-10895,01-04-2025,RST-106,Sunset Strip Burgers,Los Angeles,ING-024,Sourdough Loaf,Bakery,units,2.5,670.62,546.11,772.58,436.91,444.15,7.24,18.1
INV-10896,01-11-2025,RST-106,Sunset Strip Burgers,Los Angeles,ING-025,Tortilla Wraps,Bakery,units,0.25,6792.59,3818.9,7663.67,2941.39,2947.82,6.43,1.61
INV-10897,01-10-2025,RST-106,Sunset Strip Burgers,Los Angeles,ING-025,Tortilla Wraps,Bakery,units,0.25,1889.53,1481.34,2374.35,990.88,996.52,5.64,1.41
INV-10898,01-08-2025,RST-106,Sunset Strip Burgers,Los Angeles,ING-025,Tortilla Wraps,Bakery,units,0.25,5933.85,3483.34,6434.5,2974.74,2982.69,7.95,1.99
INV-10899,01-06-2025,RST-106,Sunset Strip Burgers,Los Angeles,ING-026,Truffle Mayo,Condiments & Oils,fl oz,0.35,2904.94,1338.75,2951.29,1289.38,1292.4,3.02,1.06
INV-10900,01-10-2025,RST-106,Sunset Strip Burgers,Los Angeles,ING-026,Truffle Mayo,Condiments & Oils,fl oz,0.35,2634.5,1384.92,2300.88,1711.71,1718.54,6.83,2.39
INV-10901,01-02-2025,RST-106,Sunset Strip Burgers,Los Angeles,ING-026,Truffle Mayo,Condiments & Oils,fl oz,0.35,3075.91,3054.81,4395.74,1728.84,1734.98,6.14,2.15
INV-10902,01-03-2025,RST-106,Sunset Strip Burgers,Los Angeles,ING-026,Truffle Mayo,Condiments & Oils,fl oz,0.35,3653.39,3621.44,4621.1,2644.92,2653.73,8.81,3.08
INV-10903,01-05-2025,RST-106,Sunset Strip Burgers,Los Angeles,ING-026,Truffle Mayo,Condiments & Oils,fl oz,0.35,4087.78,2245.72,4415.6,1916.07,1917.9,1.83,0.64
INV-10904,01-04-2025,RST-106,Sunset Strip Burgers,Los Angeles,ING-027,Extra Virgin Olive Oil,Condiments & Oils,fl oz,0.4,5022.11,2464.2,5282.99,2194.32,2203.32,9,3.6
INV-10905,01-06-2025,RST-106,Sunset Strip Burgers,Los Angeles,ING-027,Extra Virgin Olive Oil,Condiments & Oils,fl oz,0.4,1165.09,872.25,1217.61,817.65,819.73,2.08,0.83
INV-10906,01-05-2025,RST-106,Sunset Strip Burgers,Los Angeles,ING-027,Extra Virgin Olive Oil,Condiments & Oils,fl oz,0.4,1336.77,1619.85,1955.54,998.83,1001.08,2.25,0.9
INV-10907,01-01-2025,RST-106,Sunset Strip Burgers,Los Angeles,ING-027,Extra Virgin Olive Oil,Condiments & Oils,fl oz,0.4,2957.5,4096.73,4703.86,2342.97,2350.37,7.4,2.96
INV-10908,01-03-2025,RST-106,Sunset Strip Burgers,Los Angeles,ING-028,Soy Sauce,Condiments & Oils,fl oz,0.15,1749.05,2397.83,2689.17,1453.28,1457.71,4.43,0.66
INV-10909,01-05-2025,RST-106,Sunset Strip Burgers,Los Angeles,ING-028,Soy Sauce,Condiments & Oils,fl oz,0.15,2044.71,2183.26,2528.38,1689.71,1699.59,9.88,1.48
INV-10910,01-01-2025,RST-106,Sunset Strip Burgers,Los Angeles,ING-028,Soy Sauce,Condiments & Oils,fl oz,0.15,1925.73,1670.86,2464.76,1123.5,1131.83,8.33,1.25
INV-10911,01-08-2025,RST-106,Sunset Strip Burgers,Los Angeles,ING-028,Soy Sauce,Condiments & Oils,fl oz,0.15,2380.17,2581.05,3468.91,1485.22,1492.31,7.09,1.06
INV-10912,01-12-2025,RST-106,Sunset Strip Burgers,Los Angeles,ING-029,Balsamic Glaze,Condiments & Oils,fl oz,0.5,3107.25,1494.62,3128.59,1468.98,1473.28,4.3,2.15
INV-10913,01-05-2025,RST-106,Sunset Strip Burgers,Los Angeles,ING-029,Balsamic Glaze,Condiments & Oils,fl oz,0.5,3497.62,2485.29,4558.32,1416.39,1424.59,8.2,4.1
INV-10914,01-06-2025,RST-106,Sunset Strip Burgers,Los Angeles,ING-029,Balsamic Glaze,Condiments & Oils,fl oz,0.5,1324.92,1148.52,1441.73,1028.31,1031.71,3.4,1.7
INV-10915,01-10-2025,RST-106,Sunset Strip Burgers,Los Angeles,ING-029,Balsamic Glaze,Condiments & Oils,fl oz,0.5,3792.85,2844.7,4913.54,1715.41,1724.01,8.6,4.3
INV-10916,01-11-2025,RST-106,Sunset Strip Burgers,Los Angeles,ING-029,Balsamic Glaze,Condiments & Oils,fl oz,0.5,2795.03,1485.81,2944.13,1335.16,1336.71,1.55,0.78
INV-10917,01-05-2025,RST-106,Sunset Strip Burgers,Los Angeles,ING-030,Craft IPA Beer Keg,Beverages & Draft,pints,1.1,1755.37,1222.32,2211.49,756.34,766.2,9.86,10.85
INV-10918,01-01-2025,RST-106,Sunset Strip Burgers,Los Angeles,ING-030,Craft IPA Beer Keg,Beverages & Draft,pints,1.1,6380.52,2357.65,5970.9,2765.33,2767.27,1.94,2.13
INV-10919,01-07-2025,RST-106,Sunset Strip Burgers,Los Angeles,ING-030,Craft IPA Beer Keg,Beverages & Draft,pints,1.1,3553.73,2364.17,4033.97,1879.36,1883.93,4.57,5.03
INV-10920,01-01-2025,RST-106,Sunset Strip Burgers,Los Angeles,ING-031,House Red Wine,Beverages & Draft,glasses,2.5,4014.05,1867.22,3618.63,2257.6,2262.64,5.04,12.6
INV-10921,01-07-2025,RST-106,Sunset Strip Burgers,Los Angeles,ING-031,House Red Wine,Beverages & Draft,glasses,2.5,2819.83,1082.5,2724.7,1170.76,1177.63,6.87,17.18
INV-10922,01-10-2025,RST-106,Sunset Strip Burgers,Los Angeles,ING-031,House Red Wine,Beverages & Draft,glasses,2.5,956,727.18,1142.43,537.07,540.75,3.68,9.2
INV-10923,01-04-2025,RST-106,Sunset Strip Burgers,Los Angeles,ING-031,House Red Wine,Beverages & Draft,glasses,2.5,2236.46,1748.05,2394.72,1583.2,1589.79,6.59,16.48
INV-10924,01-12-2025,RST-106,Sunset Strip Burgers,Los Angeles,ING-032,Espresso Beans,Beverages & Draft,oz,0.6,3736.6,2764.59,4419.22,2080.66,2081.97,1.31,0.79
INV-10925,01-03-2025,RST-106,Sunset Strip Burgers,Los Angeles,ING-032,Espresso Beans,Beverages & Draft,oz,0.6,2691.81,2545.74,3172.62,2061.3,2064.93,3.63,2.18
INV-10926,01-11-2025,RST-106,Sunset Strip Burgers,Los Angeles,ING-032,Espresso Beans,Beverages & Draft,oz,0.6,2497.07,2711.97,3382.77,1818.11,1826.27,8.16,4.9
INV-10927,01-08-2025,RST-106,Sunset Strip Burgers,Los Angeles,ING-032,Espresso Beans,Beverages & Draft,oz,0.6,1101.5,779.79,1047.68,824.72,833.61,8.89,5.33
INV-10928,01-02-2025,RST-106,Sunset Strip Burgers,Los Angeles,ING-033,Cold Brew Concentrate,Beverages & Draft,fl oz,0.45,2451.6,1245.18,2470.85,1220.93,1225.93,5,2.25
INV-10929,01-03-2025,RST-106,Sunset Strip Burgers,Los Angeles,ING-033,Cold Brew Concentrate,Beverages & Draft,fl oz,0.45,3761.55,3249.73,,2738.47,2746.86,8.39,3.78
INV-10930,01-01-2025,RST-106,Sunset Strip Burgers,Los Angeles,ING-033,Cold Brew Concentrate,Beverages & Draft,fl oz,0.45,5228.32,3817.33,6118.82,2920.68,2926.83,6.15,2.77
INV-10931,01-06-2025,RST-106,Sunset Strip Burgers,Los Angeles,ING-033,Cold Brew Concentrate,Beverages & Draft,fl oz,0.45,6539.7,2741.08,6451.74,2824.11,2829.04,4.93,2.22
INV-10932,01-07-2025,RST-107,Pacific Coast Diner,Los Angeles,ING-001,Prime Angus Beef Patty,Meat & Poultry,lbs,6.5,1810.21,634.59,1703.01,733.39,741.79,8.4,54.6
INV-10933,01-05-2025,RST-107,Pacific Coast Diner,Los Angeles,ING-001,Prime Angus Beef Patty,Meat & Poultry,lbs,6.5,,482.83,1017.69,520.1,526.95,6.85,44.52
INV-10934,01-10-2025,RST-107,Pacific Coast Diner,Los Angeles,ING-001,Prime Angus Beef Patty,Meat & Poultry,lbs,6.5,1761.85,915.23,1937.11,738.61,739.97,1.36,8.84
INV-10935,01-09-2025,RST-107,Pacific Coast Diner,Los Angeles,ING-001,Prime Angus Beef Patty,Meat & Poultry,lbs,6.5,763.01,503.74,926.13,335.49,340.62,5.13,33.34
INV-10936,01-03-2025,RST-107,Pacific Coast Diner,Los Angeles,ING-002,Chicken Breast,Meat & Poultry,lbs,4.2,352.25,165.82,369.83,142.94,148.24,5.3,22.26
INV-10937,01-01-2025,RST-107,Pacific Coast Diner,Los Angeles,ING-002,Chicken Breast,Meat & Poultry,lbs,4.2,690.74,483.9,,330.93,338.37,7.44,31.25
INV-10938,01-08-2025,RST-107,Pacific Coast Diner,Los Angeles,ING-002,Chicken Breast,Meat & Poultry,lbs,4.2,441.71,253.79,414.31,274.29,281.19,6.9,28.98
INV-10939,01-06-2025,RST-107,Pacific Coast Diner,Los Angeles,ING-003,Ribeye Steak,Meat & Poultry,lbs,14.5,962.17,774.08,1093.88,633.82,642.37,8.55,123.98
INV-10940,01-01-2025,RST-107,Pacific Coast Diner,Los Angeles,ING-003,Ribeye Steak,Meat & Poultry,lbs,14.5,1016.01,905.06,1248.21,670.13,672.86,2.73,39.59
INV-10941,01-10-2025,RST-107,Pacific Coast Diner,Los Angeles,ING-003,Ribeye Steak,Meat & Poultry,lbs,14.5,396.34,269.36,491.64,166.22,174.06,7.84,113.68
INV-10942,01-03-2025,RST-107,Pacific Coast Diner,Los Angeles,ING-004,Pork Shoulder,Meat & Poultry,lbs,3.8,1228.47,662.27,1168.94,716.07,721.8,5.73,21.77
INV-10943,01-10-2025,RST-107,Pacific Coast Diner,Los Angeles,ING-004,Pork Shoulder,Meat & Poultry,lbs,3.8,250.54,307.82,381.32,171.17,177.04,5.87,22.31
INV-10944,01-01-2025,RST-107,Pacific Coast Diner,Los Angeles,ING-004,Pork Shoulder,Meat & Poultry,lbs,3.8,709.67,502.83,922.89,284.64,289.61,4.97,18.89
INV-10945,01-12-2025,RST-107,Pacific Coast Diner,Los Angeles,ING-004,Pork Shoulder,Meat & Poultry,lbs,3.8,616.58,408.1,748.24,269.26,276.44,7.18,27.28
INV-10946,01-05-2025,RST-107,Pacific Coast Diner,Los Angeles,ING-005,Ground Turkey,Meat & Poultry,lbs,4,654.01,660.15,807.23,502.84,506.93,4.09,16.36
INV-10947,01-08-2025,RST-107,Pacific Coast Diner,Los Angeles,ING-005,Ground Turkey,Meat & Poultry,lbs,4,621.79,351.93,652.16,313.57,321.56,7.99,31.96
INV-10948,01-11-2025,RST-107,Pacific Coast Diner,Los Angeles,ING-005,Ground Turkey,Meat & Poultry,lbs,4,300.56,234.96,382.45,146.01,153.07,7.06,28.24
INV-10949,01-01-2025,RST-107,Pacific Coast Diner,Los Angeles,ING-005,Ground Turkey,Meat & Poultry,lbs,4,1030.66,465.49,1071.78,423.2,424.37,1.17,4.68
INV-10950,01-12-2025,RST-107,Pacific Coast Diner,Los Angeles,ING-006,Atlantic Salmon Fillet,Seafood,lbs,11.5,1006.7,426.28,1009.34,421.34,423.64,2.3,26.45
INV-10951,01-11-2025,RST-107,Pacific Coast Diner,Los Angeles,ING-006,Atlantic Salmon Fillet,Seafood,lbs,11.5,1098.14,1015.65,1518.14,593.33,595.65,2.32,26.68
INV-10952,01-02-2025,RST-107,Pacific Coast Diner,Los Angeles,ING-006,Atlantic Salmon Fillet,Seafood,lbs,11.5,781.2,497.37,751.57,519.85,527,7.15,82.23
INV-10953,01-10-2025,RST-107,Pacific Coast Diner,Los Angeles,ING-006,Atlantic Salmon Fillet,Seafood,lbs,11.5,1059.88,539.09,1108.04,485.9,490.93,5.03,57.85
INV-10954,01-08-2025,RST-107,Pacific Coast Diner,Los Angeles,ING-006,Atlantic Salmon Fillet,Seafood,lbs,11.5,901.38,397.1,931.27,363.56,367.21,3.65,41.98
INV-10955,01-08-2025,RST-107,Pacific Coast Diner,Los Angeles,ING-007,Jumbo Shrimp,Seafood,lbs,12,1253.23,510.31,1227.06,526.77,536.48,9.71,116.52
INV-10956,01-05-2025,RST-107,Pacific Coast Diner,Los Angeles,ING-007,Jumbo Shrimp,Seafood,lbs,12,958.09,582.41,1142.42,394.37,398.08,3.71,44.52
INV-10957,01-09-2025,RST-107,Pacific Coast Diner,Los Angeles,ING-007,Jumbo Shrimp,Seafood,lbs,12,354.7,198.61,328.62,222.4,224.69,2.29,27.48
INV-10958,01-06-2025,RST-107,Pacific Coast Diner,Los Angeles,ING-007,Jumbo Shrimp,Seafood,lbs,12,294.02,268.11,391.83,168.03,170.3,2.27,27.24
INV-10959,01-03-2025,RST-107,Pacific Coast Diner,Los Angeles,ING-008,Yellowfin Tuna,Seafood,lbs,16,677.63,441.49,781.89,330.14,337.23,7.09,113.44
INV-10960,01-02-2025,RST-107,Pacific Coast Diner,Los Angeles,ING-008,Yellowfin Tuna,Seafood,lbs,16,1096.92,579.68,,543.74,545.09,1.35,21.6
INV-10961,01-01-2025,RST-107,Pacific Coast Diner,Los Angeles,ING-008,Yellowfin Tuna,Seafood,lbs,16,934.16,542.49,1072.04,396.12,404.61,8.49,135.84
INV-10962,01-12-2025,RST-107,Pacific Coast Diner,Los Angeles,ING-008,Yellowfin Tuna,Seafood,lbs,16,1051.84,1110.72,1410.93,744.56,751.63,7.07,113.12
INV-10963,01-05-2025,RST-107,Pacific Coast Diner,Los Angeles,ING-009,Lobster Tail,Seafood,lbs,22,1447.71,718.51,1552.09,607.45,614.13,6.68,146.96
INV-10964,01-12-2025,RST-107,Pacific Coast Diner,Los Angeles,ING-009,Lobster Tail,Seafood,lbs,22,671.53,421.49,705.57,379.59,387.45,7.86,172.92
INV-10965,01-06-2025,RST-107,Pacific Coast Diner,Los Angeles,ING-009,Lobster Tail,Seafood,lbs,22,1716.7,690.64,1689.96,708.51,717.38,8.87,195.14
INV-10966,01-08-2025,RST-107,Pacific Coast Diner,Los Angeles,ING-009,Lobster Tail,Seafood,lbs,22,885.62,502.44,805.32,579.33,582.74,3.41,75.02
INV-10967,01-04-2025,RST-107,Pacific Coast Diner,Los Angeles,ING-009,Lobster Tail,Seafood,lbs,22,1401.91,1054,1759.66,692.94,696.25,3.31,72.82
INV-10968,01-08-2025,RST-107,Pacific Coast Diner,Los Angeles,ING-010,Aged Cheddar Slices,Dairy & Cheese,lbs,5.1,268.48,293.95,340.15,213.07,222.28,9.21,46.97
INV-10969,01-07-2025,RST-107,Pacific Coast Diner,Los Angeles,ING-010,Aged Cheddar Slices,Dairy & Cheese,lbs,5.1,260.31,345.63,388.97,215.28,216.97,1.69,8.62
INV-10970,01-10-2025,RST-107,Pacific Coast Diner,Los Angeles,ING-010,Aged Cheddar Slices,Dairy & Cheese,lbs,5.1,768.27,382.48,780.08,368.91,370.67,1.76,8.98
INV-10971,01-05-2025,RST-107,Pacific Coast Diner,Los Angeles,ING-010,Aged Cheddar Slices,Dairy & Cheese,lbs,5.1,1212.57,1074.01,1681.97,600.51,604.61,4.1,20.91
INV-10972,01-06-2025,RST-107,Pacific Coast Diner,Los Angeles,ING-011,Mozzarella Cheese,Dairy & Cheese,lbs,4.5,695.8,561.79,876.14,372.3,381.45,9.15,41.18
INV-10973,01-09-2025,RST-107,Pacific Coast Diner,Los Angeles,ING-011,Mozzarella Cheese,Dairy & Cheese,lbs,4.5,240.83,155.14,204.15,189.53,191.82,2.29,10.3
INV-10974,01-04-2025,RST-107,Pacific Coast Diner,Los Angeles,ING-011,Mozzarella Cheese,Dairy & Cheese,lbs,4.5,1132.23,837.15,1438.52,527.67,530.86,3.19,14.36
INV-10975,01-08-2025,RST-107,Pacific Coast Diner,Los Angeles,ING-011,Mozzarella Cheese,Dairy & Cheese,lbs,4.5,546.28,257.95,498.9,298.83,305.33,6.5,29.25
INV-10976,01-04-2025,RST-107,Pacific Coast Diner,Los Angeles,ING-012,Heavy Cream,Dairy & Cheese,quarts,3.2,,586.92,1257.44,512.7,517.21,4.51,14.43
INV-10977,01-11-2025,RST-107,Pacific Coast Diner,Los Angeles,ING-012,Heavy Cream,Dairy & Cheese,quarts,3.2,1533.33,1028.9,1879.83,679.16,682.4,3.24,10.37
INV-10978,01-10-2025,RST-107,Pacific Coast Diner,Los Angeles,ING-012,Heavy Cream,Dairy & Cheese,quarts,3.2,968.81,986.81,1262.72,691.64,692.9,1.26,4.03
INV-10979,01-01-2025,RST-107,Pacific Coast Diner,Los Angeles,ING-012,Heavy Cream,Dairy & Cheese,quarts,3.2,808.88,647.86,934.21,518.42,522.53,4.11,13.15
INV-10980,01-03-2025,RST-107,Pacific Coast Diner,Los Angeles,ING-012,Heavy Cream,Dairy & Cheese,quarts,3.2,426.4,357.07,561.55,212.29,221.92,9.63,30.82
INV-10981,01-11-2025,RST-107,Pacific Coast Diner,Los Angeles,ING-013,Unsalted Butter,Dairy & Cheese,lbs,3.8,741.89,319.76,660.84,396.01,400.81,4.8,18.24
INV-10982,01-01-2025,RST-107,Pacific Coast Diner,Los Angeles,ING-013,Unsalted Butter,Dairy & Cheese,lbs,3.8,1006.25,868.37,1304.78,566.74,569.84,3.1,11.78
INV-10983,01-02-2025,RST-107,Pacific Coast Diner,Los Angeles,ING-013,Unsalted Butter,Dairy & Cheese,lbs,3.8,1235.06,635.31,1238.7,628.54,631.67,3.13,11.89
INV-10984,01-12-2025,RST-107,Pacific Coast Diner,Los Angeles,ING-013,Unsalted Butter,Dairy & Cheese,lbs,3.8,1158.19,617.81,1264.46,508.22,511.54,3.32,12.62
INV-10985,01-06-2025,RST-107,Pacific Coast Diner,Los Angeles,ING-013,Unsalted Butter,Dairy & Cheese,lbs,3.8,1373.6,828.18,1532.83,663.56,668.95,5.39,20.48
INV-10986,01-04-2025,RST-107,Pacific Coast Diner,Los Angeles,ING-014,Parmesan Reggiano,Dairy & Cheese,lbs,9.5,826.14,959.01,1089.79,687.89,695.36,7.47,70.97
INV-10987,01-03-2025,RST-107,Pacific Coast Diner,Los Angeles,ING-014,Parmesan Reggiano,Dairy & Cheese,lbs,9.5,655.95,511.09,661.6,502.19,505.44,3.25,30.88
INV-10988,01-12-2025,RST-107,Pacific Coast Diner,Los Angeles,ING-014,Parmesan Reggiano,Dairy & Cheese,lbs,9.5,1154.5,824.37,1328.84,640.62,650.03,9.41,89.39
INV-10989,01-06-2025,RST-107,Pacific Coast Diner,Los Angeles,ING-014,Parmesan Reggiano,Dairy & Cheese,lbs,9.5,1217.55,645.98,1347.08,514.11,516.45,2.34,22.23
INV-10990,01-11-2025,RST-107,Pacific Coast Diner,Los Angeles,ING-015,Hass Avocado,Produce,units,1.25,6820.55,2615.91,6604.71,2827.31,2831.75,4.44,5.55
INV-10991,01-08-2025,RST-107,Pacific Coast Diner,Los Angeles,ING-015,Hass Avocado,Produce,units,1.25,1094.34,548.54,1162.81,473.39,480.07,6.68,8.35
INV-10992,01-06-2025,RST-107,Pacific Coast Diner,Los Angeles,ING-015,Hass Avocado,Produce,units,1.25,3972.67,2499.17,4203.44,2258.74,2268.4,9.66,12.07
INV-10993,01-06-2025,RST-107,Pacific Coast Diner,Los Angeles,ING-016,Romaine Lettuce,Produce,lbs,1.8,479.81,563.39,723.61,315.09,319.59,4.5,8.1
INV-10994,01-07-2025,RST-107,Pacific Coast Diner,Los Angeles,ING-016,Romaine Lettuce,Produce,lbs,1.8,1204.34,583.16,1208.15,576.2,579.35,3.15,5.67
INV-10995,01-08-2025,RST-107,Pacific Coast Diner,Los Angeles,ING-016,Romaine Lettuce,Produce,lbs,1.8,490.56,292.54,499.09,282.83,284.01,1.18,2.12
INV-10996,01-02-2025,RST-107,Pacific Coast Diner,Los Angeles,ING-016,Romaine Lettuce,Produce,lbs,1.8,1649,766.69,1740.03,671.61,675.66,4.05,7.29
INV-10997,01-12-2025,RST-107,Pacific Coast Diner,Los Angeles,ING-016,Romaine Lettuce,Produce,lbs,1.8,218.04,170.04,,104.61,106.93,2.32,4.18
INV-10998,01-08-2025,RST-107,Pacific Coast Diner,Los Angeles,ING-017,Idaho Russet Potatoes,Produce,lbs,0.85,252.7,307.66,370.99,187.12,189.37,2.25,1.91
INV-10999,01-04-2025,RST-107,Pacific Coast Diner,Los Angeles,ING-017,Idaho Russet Potatoes,Produce,lbs,0.85,546.92,385.87,487.59,438.15,445.2,7.05,5.99
INV-11000,01-11-2025,RST-107,Pacific Coast Diner,Los Angeles,ING-017,Idaho Russet Potatoes,Produce,lbs,0.85,900.81,556.52,901.04,547.97,556.29,8.32,7.07
INV-11001,01-12-2025,RST-107,Pacific Coast Diner,Los Angeles,ING-017,Idaho Russet Potatoes,Produce,lbs,0.85,459.25,426.35,642.15,241.12,243.45,2.33,1.98
INV-11002,01-07-2025,RST-107,Pacific Coast Diner,Los Angeles,ING-017,Idaho Russet Potatoes,Produce,lbs,0.85,1023.07,973.03,1280.14,711.57,715.96,4.39,3.73
INV-11003,01-11-2025,RST-107,Pacific Coast Diner,Los Angeles,ING-018,Roma Tomatoes,Produce,lbs,1.5,1458.34,1145.55,1896.8,705.97,707.09,1.12,1.68
INV-11004,01-06-2025,RST-107,Pacific Coast Diner,Los Angeles,ING-018,Roma Tomatoes,Produce,lbs,1.5,813,587.54,946.58,452.31,453.96,1.65,2.47
INV-11005,01-10-2025,RST-107,Pacific Coast Diner,Los Angeles,ING-018,Roma Tomatoes,Produce,lbs,1.5,1010.31,852.82,1312.88,544.88,550.25,5.37,8.05
INV-11006,01-02-2025,RST-107,Pacific Coast Diner,Los Angeles,ING-018,Roma Tomatoes,Produce,lbs,1.5,402.62,191.66,388.33,197.1,205.95,8.85,13.27
INV-11007,01-12-2025,RST-107,Pacific Coast Diner,Los Angeles,ING-018,Roma Tomatoes,Produce,lbs,1.5,,878.58,1074.5,498.53,504.2,5.67,8.5
INV-11008,01-12-2025,RST-107,Pacific Coast Diner,Los Angeles,ING-019,Red Onions,Produce,lbs,0.9,862.48,369,829.84,395.72,401.64,5.92,5.33
INV-11009,01-05-2025,RST-107,Pacific Coast Diner,Los Angeles,ING-019,Red Onions,Produce,lbs,0.9,599,554.26,689.52,455.06,463.74,8.68,7.81
INV-11010,01-08-2025,RST-107,Pacific Coast Diner,Los Angeles,ING-019,Red Onions,Produce,lbs,0.9,872.49,584.76,797.39,656.5,659.86,3.36,3.02
INV-11011,01-06-2025,RST-107,Pacific Coast Diner,Los Angeles,ING-020,Fresh Basil,Produce,bunches,0.3,511.6,260.89,513.17,251.9,259.32,7.42,2.23
INV-11012,01-01-2025,RST-107,Pacific Coast Diner,Los Angeles,ING-020,Fresh Basil,Produce,bunches,0.3,911.56,1113.1,1350.43,667.89,674.23,6.34,1.9
INV-11013,01-10-2025,RST-107,Pacific Coast Diner,Los Angeles,ING-020,Fresh Basil,Produce,bunches,0.3,320.65,175.47,306.2,182.62,189.92,7.3,2.19
INV-11014,01-03-2025,RST-107,Pacific Coast Diner,Los Angeles,ING-020,Fresh Basil,Produce,bunches,0.3,793.51,774.88,966.8,593.26,601.59,8.33,2.5
INV-11015,01-04-2025,RST-107,Pacific Coast Diner,Los Angeles,ING-020,Fresh Basil,Produce,bunches,0.3,1323.19,1240.09,1848.95,708.51,714.33,5.82,1.75
INV-11016,01-04-2025,RST-107,Pacific Coast Diner,Los Angeles,ING-021,Wild Mushrooms,Produce,lbs,6,582.46,434.67,697.34,316.64,319.79,3.15,18.9
INV-11017,01-09-2025,RST-107,Pacific Coast Diner,Los Angeles,ING-021,Wild Mushrooms,Produce,lbs,6,1128.9,698.65,1209.52,616.07,618.03,1.96,11.76
INV-11018,01-10-2025,RST-107,Pacific Coast Diner,Los Angeles,ING-021,Wild Mushrooms,Produce,lbs,6,621.3,282.08,645.61,255.25,257.77,2.52,15.12
INV-11019,01-12-2025,RST-107,Pacific Coast Diner,Los Angeles,ING-021,Wild Mushrooms,Produce,lbs,6,638.79,333.6,569.04,399.44,403.35,3.91,23.46
INV-11020,01-07-2025,RST-107,Pacific Coast Diner,Los Angeles,ING-022,Spinach,Produce,lbs,2.2,869.59,399.93,864.59,397.55,404.93,7.38,16.24
INV-11021,01-12-2025,RST-107,Pacific Coast Diner,Los Angeles,ING-022,Spinach,Produce,lbs,2.2,198.45,179.25,259.9,113.75,117.8,4.05,8.91
INV-11022,01-09-2025,RST-107,Pacific Coast Diner,Los Angeles,ING-022,Spinach,Produce,lbs,2.2,684.01,719.23,935.34,466.43,467.9,1.47,3.23
INV-11023,01-06-2025,RST-107,Pacific Coast Diner,Los Angeles,ING-022,Spinach,Produce,lbs,2.2,953.53,1095.31,1390.52,654.15,658.32,4.17,9.17
INV-11024,01-07-2025,RST-107,Pacific Coast Diner,Los Angeles,ING-023,Brioche Burger Buns,Bakery,units,0.45,3308.22,1853.53,3780.05,1378.27,1381.7,3.43,1.54
INV-11025,01-09-2025,RST-107,Pacific Coast Diner,Los Angeles,ING-023,Brioche Burger Buns,Bakery,units,0.45,4578.42,3983.02,6331.81,2226.24,2229.63,3.39,1.53
INV-11026,01-12-2025,RST-107,Pacific Coast Diner,Los Angeles,ING-023,Brioche Burger Buns,Bakery,units,0.45,2722.05,1961.92,2535.58,2147.35,2148.39,1.04,0.47
INV-11027,01-03-2025,RST-107,Pacific Coast Diner,Los Angeles,ING-023,Brioche Burger Buns,Bakery,units,0.45,6725.73,4757.95,8479.49,2998.6,3004.19,5.59,2.52
INV-11028,01-01-2025,RST-107,Pacific Coast Diner,Los Angeles,ING-024,Sourdough Loaf,Bakery,units,2.5,,1154.41,1636.32,666.06,672.8,6.74,16.85
INV-11029,01-08-2025,RST-107,Pacific Coast Diner,Los Angeles,ING-024,Sourdough Loaf,Bakery,units,2.5,4488.17,2886.45,4887.89,2484.75,2486.73,1.98,4.95
INV-11030,01-04-2025,RST-107,Pacific Coast Diner,Los Angeles,ING-024,Sourdough Loaf,Bakery,units,2.5,5938.83,2592.07,5847.86,2677.43,2683.04,5.61,14.03
INV-11031,01-06-2025,RST-107,Pacific Coast Diner,Los Angeles,ING-024,Sourdough Loaf,Bakery,units,2.5,3355.38,2911.19,4593.18,1667.17,1673.39,6.22,15.55
INV-11032,01-12-2025,RST-107,Pacific Coast Diner,Los Angeles,ING-024,Sourdough Loaf,Bakery,units,2.5,2283.53,1557.17,2033.45,1804.56,1807.25,2.69,6.72
INV-11033,01-12-2025,RST-107,Pacific Coast Diner,Los Angeles,ING-025,Tortilla Wraps,Bakery,units,0.25,2094.49,1763.28,2485.1,1368,1372.67,4.67,1.17
INV-11034,01-01-2025,RST-107,Pacific Coast Diner,Los Angeles,ING-025,Tortilla Wraps,Bakery,units,0.25,3773.67,2793.64,3600.75,2965.08,2966.56,1.48,0.37
INV-11035,01-02-2025,RST-107,Pacific Coast Diner,Los Angeles,ING-025,Tortilla Wraps,Bakery,units,0.25,2576.28,3317.37,3860.85,2027.19,2032.8,5.61,1.4
INV-11036,01-07-2025,RST-107,Pacific Coast Diner,Los Angeles,ING-025,Tortilla Wraps,Bakery,units,0.25,3416.65,1718.55,3362.2,1770.22,1773,2.78,0.69
INV-11037,01-04-2025,RST-107,Pacific Coast Diner,Los Angeles,ING-025,Tortilla Wraps,Bakery,units,0.25,2422.89,1241.36,2433.27,1228.93,1230.98,2.05,0.51
INV-11038,01-07-2025,RST-107,Pacific Coast Diner,Los Angeles,ING-026,Truffle Mayo,Condiments & Oils,fl oz,0.35,4593.25,3598.84,6113.56,2071.3,2078.53,7.23,2.53
INV-11039,01-05-2025,RST-107,Pacific Coast Diner,Los Angeles,ING-026,Truffle Mayo,Condiments & Oils,fl oz,0.35,1221.08,1322.31,1735.3,805.21,808.09,2.88,1.01
INV-11040,01-11-2025,RST-107,Pacific Coast Diner,Los Angeles,ING-026,Truffle Mayo,Condiments & Oils,fl oz,0.35,1244.37,707.76,1354.29,588.56,597.84,9.28,3.25
INV-11041,01-04-2025,RST-107,Pacific Coast Diner,Los Angeles,ING-026,Truffle Mayo,Condiments & Oils,fl oz,0.35,2754.54,3654.17,4314.72,2090.66,2093.99,3.33,1.17
INV-11042,01-12-2025,RST-107,Pacific Coast Diner,Los Angeles,ING-027,Extra Virgin Olive Oil,Condiments & Oils,fl oz,0.4,3482.13,2902.66,3892.19,2488.24,2492.6,4.36,1.74
INV-11043,01-07-2025,RST-107,Pacific Coast Diner,Los Angeles,ING-027,Extra Virgin Olive Oil,Condiments & Oils,fl oz,0.4,1776.23,1196.24,2176.09,793.67,796.38,2.71,1.08
INV-11044,01-01-2025,RST-107,Pacific Coast Diner,Los Angeles,ING-027,Extra Virgin Olive Oil,Condiments & Oils,fl oz,0.4,1810.34,1933.05,2387.82,1353.48,1355.57,2.09,0.84
INV-11045,01-09-2025,RST-107,Pacific Coast Diner,Los Angeles,ING-027,Extra Virgin Olive Oil,Condiments & Oils,fl oz,0.4,6563.66,3527.19,7121.21,2963.43,2969.64,6.21,2.48
INV-11046,01-02-2025,RST-107,Pacific Coast Diner,Los Angeles,ING-028,Soy Sauce,Condiments & Oils,fl oz,0.15,3693.95,3752.07,4646.9,2791.46,2799.12,7.66,1.15
INV-11047,01-01-2025,RST-107,Pacific Coast Diner,Los Angeles,ING-028,Soy Sauce,Condiments & Oils,fl oz,0.15,4709.34,2289.36,4622.51,2368.01,2376.19,8.18,1.23
INV-11048,01-07-2025,RST-107,Pacific Coast Diner,Los Angeles,ING-028,Soy Sauce,Condiments & Oils,fl oz,0.15,2981.19,2871.74,3578.07,2272.29,2274.86,2.57,0.39
INV-11049,01-01-2025,RST-107,Pacific Coast Diner,Los Angeles,ING-029,Balsamic Glaze,Condiments & Oils,fl oz,0.5,1302.63,1585.81,1925.83,960.2,962.61,2.41,1.21
INV-11050,01-02-2025,RST-107,Pacific Coast Diner,Los Angeles,ING-029,Balsamic Glaze,Condiments & Oils,fl oz,0.5,6735.28,3817.27,7608.34,2934.38,2944.21,9.83,4.92
INV-11051,01-06-2025,RST-107,Pacific Coast Diner,Los Angeles,ING-029,Balsamic Glaze,Condiments & Oils,fl oz,0.5,1041.16,939.42,1323.25,653.18,657.33,4.15,2.08
INV-11052,01-12-2025,RST-107,Pacific Coast Diner,Los Angeles,ING-029,Balsamic Glaze,Condiments & Oils,fl oz,0.5,3616.58,3796.93,4593.42,2813.77,2820.09,6.32,3.16
INV-11053,01-05-2025,RST-107,Pacific Coast Diner,Los Angeles,ING-029,Balsamic Glaze,Condiments & Oils,fl oz,0.5,3213.51,2442.2,3550.03,2097.09,2105.68,8.59,4.29
INV-11054,01-11-2025,RST-107,Pacific Coast Diner,Los Angeles,ING-030,Craft IPA Beer Keg,Beverages & Draft,pints,1.1,2183.41,1874.26,2472.34,1575.76,1585.33,9.57,10.53
INV-11055,01-09-2025,RST-107,Pacific Coast Diner,Los Angeles,ING-030,Craft IPA Beer Keg,Beverages & Draft,pints,1.1,2867.05,2070.07,3701.7,1231.27,1235.42,4.15,4.57
INV-11056,01-07-2025,RST-107,Pacific Coast Diner,Los Angeles,ING-030,Craft IPA Beer Keg,Beverages & Draft,pints,1.1,1320.43,685.21,1381.12,616.47,624.52,8.05,8.86
INV-11057,01-02-2025,RST-107,Pacific Coast Diner,Los Angeles,ING-030,Craft IPA Beer Keg,Beverages & Draft,pints,1.1,2839.46,2447.18,3731.3,1550.9,1555.34,4.44,4.88
INV-11058,01-12-2025,RST-107,Pacific Coast Diner,Los Angeles,ING-030,Craft IPA Beer Keg,Beverages & Draft,pints,1.1,2621.62,1811.86,2875.62,1552.13,1557.86,5.73,6.3
INV-11059,01-02-2025,RST-107,Pacific Coast Diner,Los Angeles,ING-031,House Red Wine,Beverages & Draft,glasses,2.5,2994.34,1645.88,2771.98,1861.07,1868.24,7.17,17.93
INV-11060,01-03-2025,RST-107,Pacific Coast Diner,Los Angeles,ING-031,House Red Wine,Beverages & Draft,glasses,2.5,3736.56,1964,3455.56,2240.16,2245,4.84,12.1
INV-11061,01-07-2025,RST-107,Pacific Coast Diner,Los Angeles,ING-031,House Red Wine,Beverages & Draft,glasses,2.5,3207.52,1728.97,3379.28,1550.07,1557.21,7.14,17.85
INV-11062,01-10-2025,RST-107,Pacific Coast Diner,Los Angeles,ING-031,House Red Wine,Beverages & Draft,glasses,2.5,4022.08,4742.37,6094.1,2665.87,2670.35,4.48,11.2
INV-11063,01-09-2025,RST-107,Pacific Coast Diner,Los Angeles,ING-031,House Red Wine,Beverages & Draft,glasses,2.5,1913.79,979.25,1796.04,1094.87,1097,2.13,5.32
INV-11064,01-01-2025,RST-107,Pacific Coast Diner,Los Angeles,ING-032,Espresso Beans,Beverages & Draft,oz,0.6,3111.82,1577.53,3202.62,1476.74,1486.73,9.99,5.99
INV-11065,01-02-2025,RST-107,Pacific Coast Diner,Los Angeles,ING-032,Espresso Beans,Beverages & Draft,oz,0.6,1038.3,812.06,986.51,855.87,863.85,7.98,4.79
INV-11066,01-11-2025,RST-107,Pacific Coast Diner,Los Angeles,ING-032,Espresso Beans,Beverages & Draft,oz,0.6,2782.45,2740.71,3952.24,1561.64,1570.92,9.28,5.57
INV-11067,01-05-2025,RST-107,Pacific Coast Diner,Los Angeles,ING-033,Cold Brew Concentrate,Beverages & Draft,fl oz,0.45,2393.39,1529.48,2849.36,1067.98,1073.51,5.53,2.49
INV-11068,01-11-2025,RST-107,Pacific Coast Diner,Los Angeles,ING-033,Cold Brew Concentrate,Beverages & Draft,fl oz,0.45,1329.91,787.39,1558.29,556.28,559.01,2.73,1.23
INV-11069,01-03-2025,RST-107,Pacific Coast Diner,Los Angeles,ING-033,Cold Brew Concentrate,Beverages & Draft,fl oz,0.45,4112.72,2620.52,4749.18,1976.6,1984.06,7.46,3.36
INV-11070,01-02-2025,RST-108,Soma Tapas Bar,San Francisco,ING-001,Prime Angus Beef Patty,Meat & Poultry,lbs,6.5,804.3,541.2,939.07,398.75,406.43,7.68,49.92
INV-11071,01-08-2025,RST-108,Soma Tapas Bar,San Francisco,ING-001,Prime Angus Beef Patty,Meat & Poultry,lbs,6.5,545.22,250.32,508.97,281.85,286.57,4.72,30.68
INV-11072,01-07-2025,RST-108,Soma Tapas Bar,San Francisco,ING-001,Prime Angus Beef Patty,Meat & Poultry,lbs,6.5,1234.8,1052.18,1695.88,587.6,591.1,3.5,22.75
INV-11073,01-10-2025,RST-108,Soma Tapas Bar,San Francisco,ING-002,Chicken Breast,Meat & Poultry,lbs,4.2,1102.98,755.23,1175.01,677.59,683.2,5.61,23.56
INV-11074,01-04-2025,RST-108,Soma Tapas Bar,San Francisco,ING-002,Chicken Breast,Meat & Poultry,lbs,4.2,897.93,819.75,997.52,711.45,720.16,8.71,36.58
INV-11075,01-09-2025,RST-108,Soma Tapas Bar,San Francisco,ING-002,Chicken Breast,Meat & Poultry,lbs,4.2,521.47,437.79,597.35,357.44,361.91,4.47,18.77
INV-11076,01-02-2025,RST-108,Soma Tapas Bar,San Francisco,ING-002,Chicken Breast,Meat & Poultry,lbs,4.2,1522.45,907.08,1724.61,695.02,704.92,9.9,41.58
INV-11077,01-11-2025,RST-108,Soma Tapas Bar,San Francisco,ING-003,Ribeye Steak,Meat & Poultry,lbs,14.5,603.3,645.18,824.83,420.38,423.65,3.27,47.41
INV-11078,01-12-2025,RST-108,Soma Tapas Bar,San Francisco,ING-003,Ribeye Steak,Meat & Poultry,lbs,14.5,543.98,594.13,712.09,419.03,426.02,6.99,101.36
INV-11079,01-07-2025,RST-108,Soma Tapas Bar,San Francisco,ING-003,Ribeye Steak,Meat & Poultry,lbs,14.5,844.84,579.5,1070.83,346.14,353.51,7.37,106.86
INV-11080,01-10-2025,RST-108,Soma Tapas Bar,San Francisco,ING-003,Ribeye Steak,Meat & Poultry,lbs,14.5,861.66,821.45,1116.46,563.87,566.65,2.78,40.31
INV-11081,01-05-2025,RST-108,Soma Tapas Bar,San Francisco,ING-003,Ribeye Steak,Meat & Poultry,lbs,14.5,483.87,275.37,560.76,193.6,198.48,4.88,70.76
INV-11082,01-08-2025,RST-108,Soma Tapas Bar,San Francisco,ING-004,Pork Shoulder,Meat & Poultry,lbs,3.8,209.24,134.96,210.33,126.7,133.87,7.17,27.25
INV-11083,01-04-2025,RST-108,Soma Tapas Bar,San Francisco,ING-004,Pork Shoulder,Meat & Poultry,lbs,3.8,1109.8,1154.95,1546.54,716.71,718.21,1.5,5.7
INV-11084,01-03-2025,RST-108,Soma Tapas Bar,San Francisco,ING-004,Pork Shoulder,Meat & Poultry,lbs,3.8,580.99,779.93,903.24,449.78,457.68,7.9,30.02
INV-11085,01-05-2025,RST-108,Soma Tapas Bar,San Francisco,ING-004,Pork Shoulder,Meat & Poultry,lbs,3.8,1198.37,763.81,1424.79,527.67,537.39,9.72,36.94
INV-11086,01-09-2025,RST-108,Soma Tapas Bar,San Francisco,ING-004,Pork Shoulder,Meat & Poultry,lbs,3.8,1354.93,742.95,1531.76,564.07,566.12,2.05,7.79
INV-11087,01-07-2025,RST-108,Soma Tapas Bar,San Francisco,ING-005,Ground Turkey,Meat & Poultry,lbs,4,416.75,396.75,582.4,226.65,231.1,4.45,17.8
INV-11088,01-01-2025,RST-108,Soma Tapas Bar,San Francisco,ING-005,Ground Turkey,Meat & Poultry,lbs,4,,527.6,948.27,375.84,379.53,3.69,14.76
INV-11089,01-06-2025,RST-108,Soma Tapas Bar,San Francisco,ING-005,Ground Turkey,Meat & Poultry,lbs,4,544.31,5766.29,823.28,367.03,369.21,54.5,218
INV-11090,01-04-2025,RST-108,Soma Tapas Bar,San Francisco,ING-005,Ground Turkey,Meat & Poultry,lbs,4,421.51,349.13,420.93,341.69,349.71,8.02,32.08
INV-11091,01-02-2025,RST-108,Soma Tapas Bar,San Francisco,ING-006,Atlantic Salmon Fillet,Seafood,lbs,11.5,1368.64,558.65,1263.8,655.44,663.49,8.05,92.58
INV-11092,01-06-2025,RST-108,Soma Tapas Bar,San Francisco,ING-006,Atlantic Salmon Fillet,Seafood,lbs,11.5,1454.28,849.96,1651.56,649.58,652.68,3.1,35.65
INV-11093,01-10-2025,RST-108,Soma Tapas Bar,San Francisco,ING-006,Atlantic Salmon Fillet,Seafood,lbs,11.5,1393.29,1156.53,1897.96,649.46,651.86,2.4,27.6
INV-11094,01-05-2025,RST-108,Soma Tapas Bar,San Francisco,ING-006,Atlantic Salmon Fillet,Seafood,lbs,11.5,363.94,392.85,507.43,246.68,249.36,2.68,30.82
INV-11095,01-09-2025,RST-108,Soma Tapas Bar,San Francisco,ING-007,Jumbo Shrimp,Seafood,lbs,12,284.32,178.66,278.57,175.08,184.41,9.33,111.96
INV-11096,01-04-2025,RST-108,Soma Tapas Bar,San Francisco,ING-007,Jumbo Shrimp,Seafood,lbs,12,1228.46,572.09,1128.94,664.18,671.61,7.43,89.16
INV-11097,01-11-2025,RST-108,Soma Tapas Bar,San Francisco,ING-007,Jumbo Shrimp,Seafood,lbs,12,1243.71,686.57,1421.03,505.22,509.25,4.03,48.36
INV-11098,01-04-2025,RST-108,Soma Tapas Bar,San Francisco,ING-008,Yellowfin Tuna,Seafood,lbs,16,560.06,335.21,585.7,306.24,309.57,3.33,53.28
INV-11099,01-08-2025,RST-108,Soma Tapas Bar,San Francisco,ING-008,Yellowfin Tuna,Seafood,lbs,16,183.51,158.18,223.85,116.83,117.84,1.01,16.16
INV-11100,01-06-2025,RST-108,Soma Tapas Bar,San Francisco,ING-008,Yellowfin Tuna,Seafood,lbs,16,666.43,395.92,771.79,284.09,290.56,6.47,103.52
INV-11101,01-05-2025,RST-108,Soma Tapas Bar,San Francisco,ING-008,Yellowfin Tuna,Seafood,lbs,16,753.14,358.54,741.12,362.19,370.56,8.37,133.92
INV-11102,01-12-2025,RST-108,Soma Tapas Bar,San Francisco,ING-009,Lobster Tail,Seafood,lbs,22,1667.68,630.9,1560.59,733.6,737.99,4.39,96.58
INV-11103,01-03-2025,RST-108,Soma Tapas Bar,San Francisco,ING-009,Lobster Tail,Seafood,lbs,22,1300.79,1025.86,1615.81,701.63,710.84,9.21,202.62
INV-11104,01-11-2025,RST-108,Soma Tapas Bar,San Francisco,ING-009,Lobster Tail,Seafood,lbs,22,1237.33,826.71,1392.01,667.97,672.03,4.06,89.32
INV-11105,01-04-2025,RST-108,Soma Tapas Bar,San Francisco,ING-010,Aged Cheddar Slices,Dairy & Cheese,lbs,5.1,842.46,293.27,774.1,353.71,361.63,7.92,40.39
INV-11106,01-02-2025,RST-108,Soma Tapas Bar,San Francisco,ING-010,Aged Cheddar Slices,Dairy & Cheese,lbs,5.1,1221.69,926.9,1452.85,686.24,695.74,9.5,48.45
INV-11107,01-12-2025,RST-108,Soma Tapas Bar,San Francisco,ING-010,Aged Cheddar Slices,Dairy & Cheese,lbs,5.1,446.49,303.36,508.54,237.98,241.31,3.33,16.98
INV-11108,01-11-2025,RST-108,Soma Tapas Bar,San Francisco,ING-011,Mozzarella Cheese,Dairy & Cheese,lbs,4.5,356.84,166.15,,166.2,170.54,4.34,19.53
INV-11109,01-12-2025,RST-108,Soma Tapas Bar,San Francisco,ING-011,Mozzarella Cheese,Dairy & Cheese,lbs,4.5,913.18,389.13,871.55,426.1,430.76,4.66,20.97
INV-11110,01-09-2025,RST-108,Soma Tapas Bar,San Francisco,ING-011,Mozzarella Cheese,Dairy & Cheese,lbs,4.5,790.35,672.11,1044.61,415.3,417.85,2.55,11.47
INV-11111,01-06-2025,RST-108,Soma Tapas Bar,San Francisco,ING-011,Mozzarella Cheese,Dairy & Cheese,lbs,4.5,1313.15,847.54,1528.3,625.09,632.39,7.3,32.85
INV-11112,01-11-2025,RST-108,Soma Tapas Bar,San Francisco,ING-012,Heavy Cream,Dairy & Cheese,quarts,3.2,807.9,757.76,1017.89,540.49,547.77,7.28,23.3
INV-11113,01-03-2025,RST-108,Soma Tapas Bar,San Francisco,ING-012,Heavy Cream,Dairy & Cheese,quarts,3.2,293.31,168.84,295.81,158.82,166.34,7.52,24.06
INV-11114,01-07-2025,RST-108,Soma Tapas Bar,San Francisco,ING-012,Heavy Cream,Dairy & Cheese,quarts,3.2,526.76,274.76,575.53,223.21,225.99,2.78,8.9
INV-11115,01-06-2025,RST-108,Soma Tapas Bar,San Francisco,ING-012,Heavy Cream,Dairy & Cheese,quarts,3.2,666.07,472.78,747.87,384.71,390.98,6.27,20.06
INV-11116,01-05-2025,RST-108,Soma Tapas Bar,San Francisco,ING-012,Heavy Cream,Dairy & Cheese,quarts,3.2,611.94,379.78,545.4,438.76,446.32,7.56,24.19
INV-11117,01-06-2025,RST-108,Soma Tapas Bar,San Francisco,ING-013,Unsalted Butter,Dairy & Cheese,lbs,3.8,355.47,176.02,376.01,147.35,155.48,8.13,30.89
INV-11118,01-11-2025,RST-108,Soma Tapas Bar,San Francisco,ING-013,Unsalted Butter,Dairy & Cheese,lbs,3.8,574.21,470.94,762.34,281.44,282.81,1.37,5.21
INV-11119,01-10-2025,RST-108,Soma Tapas Bar,San Francisco,ING-013,Unsalted Butter,Dairy & Cheese,lbs,3.8,1243.17,900.66,1498.21,639.91,645.62,5.71,21.7
INV-11120,01-11-2025,RST-108,Soma Tapas Bar,San Francisco,ING-014,Parmesan Reggiano,Dairy & Cheese,lbs,9.5,764.57,487.48,800.69,444.22,451.36,7.14,67.83
INV-11121,01-04-2025,RST-108,Soma Tapas Bar,San Francisco,ING-014,Parmesan Reggiano,Dairy & Cheese,lbs,9.5,526.21,376.81,663.22,235.06,239.8,4.74,45.03
INV-11122,01-08-2025,RST-108,Soma Tapas Bar,San Francisco,ING-014,Parmesan Reggiano,Dairy & Cheese,lbs,9.5,446.09,364.57,,284.31,291.79,7.48,71.06
INV-11123,01-05-2025,RST-108,Soma Tapas Bar,San Francisco,ING-014,Parmesan Reggiano,Dairy & Cheese,lbs,9.5,664.21,394.07,721.28,333.26,337,3.74,35.53
INV-11124,01-08-2025,RST-108,Soma Tapas Bar,San Francisco,ING-015,Hass Avocado,Produce,units,1.25,5032.97,1904.75,4814.82,2119.81,2122.9,3.09,3.86
INV-11125,01-03-2025,RST-108,Soma Tapas Bar,San Francisco,ING-015,Hass Avocado,Produce,units,1.25,5093.87,3716.95,6562.94,2243.14,2247.88,4.74,5.93
INV-11126,01-11-2025,RST-108,Soma Tapas Bar,San Francisco,ING-015,Hass Avocado,Produce,units,1.25,1118.58,651.71,1134.39,632.28,635.9,3.62,4.53
INV-11127,01-05-2025,RST-108,Soma Tapas Bar,San Francisco,ING-015,Hass Avocado,Produce,units,1.25,3125.9,3919.05,4632.2,2407.9,2412.75,4.85,6.06
INV-11128,01-12-2025,RST-108,Soma Tapas Bar,San Francisco,ING-015,Hass Avocado,Produce,units,1.25,2566.97,2217.59,2832.98,1949.77,1951.58,1.81,2.26
INV-11129,01-08-2025,RST-108,Soma Tapas Bar,San Francisco,ING-016,Romaine Lettuce,Produce,lbs,1.8,154.72,178.17,227.86,102.49,105.03,2.54,4.57
INV-11130,01-03-2025,RST-108,Soma Tapas Bar,San Francisco,ING-016,Romaine Lettuce,Produce,lbs,1.8,337.02,288.51,446.63,173.61,178.9,5.29,9.52
INV-11131,01-06-2025,RST-108,Soma Tapas Bar,San Francisco,ING-016,Romaine Lettuce,Produce,lbs,1.8,1554.84,652.47,,746.47,756.41,9.94,17.89
INV-11132,01-11-2025,RST-108,Soma Tapas Bar,San Francisco,ING-017,Idaho Russet Potatoes,Produce,lbs,0.85,1179.51,512.99,1216.98,472,475.52,3.52,2.99
INV-11133,01-02-2025,RST-108,Soma Tapas Bar,San Francisco,ING-017,Idaho Russet Potatoes,Produce,lbs,0.85,288.08,221.2,297.3,203.84,211.98,8.14,6.92
INV-11134,01-12-2025,RST-108,Soma Tapas Bar,San Francisco,ING-017,Idaho Russet Potatoes,Produce,lbs,0.85,1699.54,710.98,1712.85,688.74,697.67,8.93,7.59
INV-11135,01-11-2025,RST-108,Soma Tapas Bar,San Francisco,ING-018,Roma Tomatoes,Produce,lbs,1.5,944.52,858.21,1054.36,743.03,748.37,5.34,8.01
INV-11136,01-07-2025,RST-108,Soma Tapas Bar,San Francisco,ING-018,Roma Tomatoes,Produce,lbs,1.5,687.84,653.05,904.98,427.04,435.91,8.87,13.3
INV-11137,01-08-2025,RST-108,Soma Tapas Bar,San Francisco,ING-018,Roma Tomatoes,Produce,lbs,1.5,1595.48,1172.19,2051.55,710.17,716.12,5.95,8.93
INV-11138,01-01-2025,RST-108,Soma Tapas Bar,San Francisco,ING-018,Roma Tomatoes,Produce,lbs,1.5,1015.46,763.23,1138.01,636.83,640.68,3.85,5.78
INV-11139,01-09-2025,RST-108,Soma Tapas Bar,San Francisco,ING-019,Red Onions,Produce,lbs,0.9,708.52,642.8,941.83,401.83,409.49,7.66,6.89
INV-11140,01-11-2025,RST-108,Soma Tapas Bar,San Francisco,ING-019,Red Onions,Produce,lbs,0.9,616.13,421.03,652.08,377.11,385.08,7.97,7.17
INV-11141,01-08-2025,RST-108,Soma Tapas Bar,San Francisco,ING-019,Red Onions,Produce,lbs,0.9,162.85,213.56,237.27,133.85,139.14,5.29,4.76
INV-11142,01-04-2025,RST-108,Soma Tapas Bar,San Francisco,ING-019,Red Onions,Produce,lbs,0.9,278.76,320.63,405.58,185.07,193.81,8.74,7.87
INV-11143,01-03-2025,RST-108,Soma Tapas Bar,San Francisco,ING-019,Red Onions,Produce,lbs,0.9,1025.54,741.18,1195.58,561.36,571.14,9.78,8.8
INV-11144,01-03-2025,RST-108,Soma Tapas Bar,San Francisco,ING-020,Fresh Basil,Produce,bunches,0.3,928.24,925.28,1138.75,705.5,714.77,9.27,2.78
INV-11145,01-08-2025,RST-108,Soma Tapas Bar,San Francisco,ING-020,Fresh Basil,Produce,bunches,0.3,965.14,802.26,1073.16,687.67,694.24,6.57,1.97
INV-11146,01-05-2025,RST-108,Soma Tapas Bar,San Francisco,ING-020,Fresh Basil,Produce,bunches,0.3,500.56,349.14,643.59,203.61,206.11,2.5,0.75
INV-11147,01-01-2025,RST-108,Soma Tapas Bar,San Francisco,ING-020,Fresh Basil,Produce,bunches,0.3,234.35,305.56,358.42,178.75,181.49,2.74,0.82
INV-11148,01-08-2025,RST-108,Soma Tapas Bar,San Francisco,ING-021,Wild Mushrooms,Produce,lbs,6,315.77,260.59,396.72,169.71,179.64,9.93,59.58
INV-11149,01-09-2025,RST-108,Soma Tapas Bar,San Francisco,ING-021,Wild Mushrooms,Produce,lbs,6,855.74,522.26,860.19,508.95,517.81,8.86,53.16
INV-11150,01-05-2025,RST-108,Soma Tapas Bar,San Francisco,ING-021,Wild Mushrooms,Produce,lbs,6,946.79,629.87,939.75,629.47,636.91,7.44,44.64
INV-11151,01-10-2025,RST-108,Soma Tapas Bar,San Francisco,ING-021,Wild Mushrooms,Produce,lbs,6,487.04,290.18,469.12,304.72,308.1,3.38,20.28
INV-11152,01-12-2025,RST-108,Soma Tapas Bar,San Francisco,ING-022,Spinach,Produce,lbs,2.2,138.02,142.06,165.03,106.36,115.05,8.69,19.12
INV-11153,01-09-2025,RST-108,Soma Tapas Bar,San Francisco,ING-022,Spinach,Produce,lbs,2.2,249.43,93.5,231.18,103.17,111.75,8.58,18.88
INV-11154,01-07-2025,RST-108,Soma Tapas Bar,San Francisco,ING-022,Spinach,Produce,lbs,2.2,851.38,542.44,974.67,413.86,419.15,5.29,11.64
INV-11155,01-10-2025,RST-108,Soma Tapas Bar,San Francisco,ING-023,Brioche Burger Buns,Bakery,units,0.45,5312.15,4114.96,6786.23,2632.99,2640.88,7.89,3.55
INV-11156,01-04-2025,RST-108,Soma Tapas Bar,San Francisco,ING-023,Brioche Burger Buns,Bakery,units,0.45,2064.1,2123.59,2857.02,1326.28,1330.67,4.39,1.98
INV-11157,01-05-2025,RST-108,Soma Tapas Bar,San Francisco,ING-023,Brioche Burger Buns,Bakery,units,0.45,3547.43,2358.96,3148.38,2748.67,2758.01,9.34,4.2
INV-11158,01-03-2025,RST-108,Soma Tapas Bar,San Francisco,ING-023,Brioche Burger Buns,Bakery,units,0.45,3532.56,3243.82,4683.35,2085.98,2093.03,7.05,3.17
INV-11159,01-11-2025,RST-108,Soma Tapas Bar,San Francisco,ING-023,Brioche Burger Buns,Bakery,units,0.45,2366.28,2871.49,3447.86,1781.12,1789.91,8.79,3.96
INV-11160,01-02-2025,RST-108,Soma Tapas Bar,San Francisco,ING-024,Sourdough Loaf,Bakery,units,2.5,5284.01,3311.17,6312.42,2277.16,2282.76,5.6,14
INV-11161,01-08-2025,RST-108,Soma Tapas Bar,San Francisco,ING-024,Sourdough Loaf,Bakery,units,2.5,1032.35,1013,1230.71,813.2,814.64,1.44,3.6
INV-11162,01-06-2025,RST-108,Soma Tapas Bar,San Francisco,ING-024,Sourdough Loaf,Bakery,units,2.5,3191.85,2927.94,4235.77,1880.27,1884.02,3.75,9.38
INV-11163,01-09-2025,RST-108,Soma Tapas Bar,San Francisco,ING-024,Sourdough Loaf,Bakery,units,2.5,,1562.56,3306.53,1941.76,1943.41,1.65,4.12
INV-11164,01-01-2025,RST-108,Soma Tapas Bar,San Francisco,ING-024,Sourdough Loaf,Bakery,units,2.5,2710.58,1093.76,2641.98,1154.96,1162.36,7.4,18.5
INV-11165,01-11-2025,RST-108,Soma Tapas Bar,San Francisco,ING-025,Tortilla Wraps,Bakery,units,0.25,2332.23,1733.84,2585.01,1475.48,1481.06,5.58,1.4
INV-11166,01-10-2025,RST-108,Soma Tapas Bar,San Francisco,ING-025,Tortilla Wraps,Bakery,units,0.25,3024.17,2130.84,3916.66,1229.51,1238.35,8.84,2.21
INV-11167,01-12-2025,RST-108,Soma Tapas Bar,San Francisco,ING-025,Tortilla Wraps,Bakery,units,0.25,3141.24,2548.73,4184.56,1496.76,1505.41,8.65,2.16
INV-11168,01-07-2025,RST-108,Soma Tapas Bar,San Francisco,ING-025,Tortilla Wraps,Bakery,units,0.25,1988.53,1293.52,1798.61,1477.25,1483.44,6.19,1.55
INV-11169,01-06-2025,RST-108,Soma Tapas Bar,San Francisco,ING-025,Tortilla Wraps,Bakery,units,0.25,4772.84,2262.41,4961.91,2070.83,2073.34,2.51,0.63
INV-11170,01-07-2025,RST-108,Soma Tapas Bar,San Francisco,ING-026,Truffle Mayo,Condiments & Oils,fl oz,0.35,2262.18,2091.44,3105.43,1246.83,1248.19,1.36,0.48
INV-11171,01-10-2025,RST-108,Soma Tapas Bar,San Francisco,ING-026,Truffle Mayo,Condiments & Oils,fl oz,0.35,4186.73,4124.25,5810.19,2492.57,2500.79,8.22,2.88
INV-11172,01-05-2025,RST-108,Soma Tapas Bar,San Francisco,ING-026,Truffle Mayo,Condiments & Oils,fl oz,0.35,2746.9,1254.03,2685.08,1306.78,1315.85,9.07,3.17
INV-11173,01-12-2025,RST-108,Soma Tapas Bar,San Francisco,ING-026,Truffle Mayo,Condiments & Oils,fl oz,0.35,2601.87,2185.88,3327.68,1451.68,1460.07,8.39,2.94
INV-11174,01-02-2025,RST-108,Soma Tapas Bar,San Francisco,ING-027,Extra Virgin Olive Oil,Condiments & Oils,fl oz,0.4,606.4,403.93,606.45,400.63,403.88,3.25,1.3
INV-11175,01-06-2025,RST-108,Soma Tapas Bar,San Francisco,ING-027,Extra Virgin Olive Oil,Condiments & Oils,fl oz,0.4,3901.69,2474.2,3874.99,2495.36,2500.9,5.54,2.22
INV-11176,01-04-2025,RST-108,Soma Tapas Bar,San Francisco,ING-027,Extra Virgin Olive Oil,Condiments & Oils,fl oz,0.4,4012.48,2328.72,3686.31,2650.68,2654.89,4.21,1.68
INV-11177,01-09-2025,RST-108,Soma Tapas Bar,San Francisco,ING-028,Soy Sauce,Condiments & Oils,fl oz,0.15,1288.04,847.85,1536.47,598.39,599.42,1.03,0.15
INV-11178,01-12-2025,RST-108,Soma Tapas Bar,San Francisco,ING-028,Soy Sauce,Condiments & Oils,fl oz,0.15,955.71,449.7,974.19,424.49,431.22,6.73,1.01
INV-11179,01-08-2025,RST-108,Soma Tapas Bar,San Francisco,ING-028,Soy Sauce,Condiments & Oils,fl oz,0.15,3671.71,2714.45,4795.23,1580.96,1590.93,9.97,1.5
INV-11180,01-12-2025,RST-108,Soma Tapas Bar,San Francisco,ING-029,Balsamic Glaze,Condiments & Oils,fl oz,0.5,4861.52,3492.68,6162.61,2189.37,2191.59,2.22,1.11
INV-11181,01-07-2025,RST-108,Soma Tapas Bar,San Francisco,ING-029,Balsamic Glaze,Condiments & Oils,fl oz,0.5,3562.47,1724.24,3717.82,1563.68,1568.89,5.21,2.6
INV-11182,01-08-2025,RST-108,Soma Tapas Bar,San Francisco,ING-029,Balsamic Glaze,Condiments & Oils,fl oz,0.5,1999.57,1872.25,2757.46,1109.26,1114.36,5.1,2.55
INV-11183,01-03-2025,RST-108,Soma Tapas Bar,San Francisco,ING-030,Craft IPA Beer Keg,Beverages & Draft,pints,1.1,,617.91,1339.18,740.64,746.12,5.48,6.03
INV-11184,01-12-2025,RST-108,Soma Tapas Bar,San Francisco,ING-030,Craft IPA Beer Keg,Beverages & Draft,pints,1.1,1153.96,935.06,1281.54,802.59,807.48,4.89,5.38
INV-11185,01-06-2025,RST-108,Soma Tapas Bar,San Francisco,ING-030,Craft IPA Beer Keg,Beverages & Draft,pints,1.1,2619.77,2633.78,3230.66,2020.25,2022.89,2.64,2.9
INV-11186,01-05-2025,RST-108,Soma Tapas Bar,San Francisco,ING-030,Craft IPA Beer Keg,Beverages & Draft,pints,1.1,3838.85,2567.36,4506.23,1892.34,1899.98,7.64,8.4
INV-11187,01-12-2025,RST-108,Soma Tapas Bar,San Francisco,ING-031,House Red Wine,Beverages & Draft,glasses,2.5,3608.53,2070.28,4024.26,1653.16,1654.55,1.39,3.47
INV-11188,01-09-2025,RST-108,Soma Tapas Bar,San Francisco,ING-031,House Red Wine,Beverages & Draft,glasses,2.5,1947.39,21716.71,2709.69,1204.96,1211.85,172.25,430.62
INV-11189,01-06-2025,RST-108,Soma Tapas Bar,San Francisco,ING-031,House Red Wine,Beverages & Draft,glasses,2.5,2743.49,1251.78,2869.17,1116.12,1126.1,9.98,24.95
INV-11190,01-01-2025,RST-108,Soma Tapas Bar,San Francisco,ING-031,House Red Wine,Beverages & Draft,glasses,2.5,4331.28,3327.13,4663.01,2990.03,2995.4,5.37,13.43
INV-11191,01-11-2025,RST-108,Soma Tapas Bar,San Francisco,ING-031,House Red Wine,Beverages & Draft,glasses,2.5,4011.86,3763,5640.68,2126.66,2134.18,7.52,18.8
INV-11192,01-10-2025,RST-108,Soma Tapas Bar,San Francisco,ING-032,Espresso Beans,Beverages & Draft,oz,0.6,4276.97,3757.6,5831.78,2200.69,2202.79,2.1,1.26
INV-11193,01-12-2025,RST-108,Soma Tapas Bar,San Francisco,ING-032,Espresso Beans,Beverages & Draft,oz,0.6,4190.97,2164.12,4561.26,1788.49,1793.83,5.34,3.2
INV-11194,01-01-2025,RST-108,Soma Tapas Bar,San Francisco,ING-032,Espresso Beans,Beverages & Draft,oz,0.6,910.72,655.81,973.82,583.2,592.71,9.51,5.71
INV-11195,01-05-2025,RST-108,Soma Tapas Bar,San Francisco,ING-033,Cold Brew Concentrate,Beverages & Draft,fl oz,0.45,4198.05,1878.75,4039.02,2028.27,2037.78,9.51,4.28
INV-11196,01-04-2025,RST-108,Soma Tapas Bar,San Francisco,ING-033,Cold Brew Concentrate,Beverages & Draft,fl oz,0.45,1643.59,792.96,1682.46,744.69,754.09,9.4,4.23
INV-11197,01-01-2025,RST-108,Soma Tapas Bar,San Francisco,ING-033,Cold Brew Concentrate,Beverages & Draft,fl oz,0.45,4952.62,2315.19,4990.93,2271.89,2276.88,4.99,2.25
INV-11198,01-03-2025,RST-108,Soma Tapas Bar,San Francisco,ING-033,Cold Brew Concentrate,Beverages & Draft,fl oz,0.45,4415.82,1813.62,4213.47,2006.31,2015.97,9.66,4.35
INV-11199,01-12-2025,RST-108,Soma Tapas Bar,San Francisco,ING-033,Cold Brew Concentrate,Beverages & Draft,fl oz,0.45,4211.53,4405.1,5896.4,2714.57,2720.23,5.66,2.55
INV-11200,01-08-2025,RST-109,Bayview Sushi & Raw,San Francisco,ING-001,Prime Angus Beef Patty,Meat & Poultry,lbs,6.5,767.88,548.36,929.02,385.03,387.22,2.19,14.23
INV-11201,01-03-2025,RST-109,Bayview Sushi & Raw,San Francisco,ING-001,Prime Angus Beef Patty,Meat & Poultry,lbs,6.5,922.05,1008.57,1330.71,591.55,599.91,8.36,54.34
INV-11202,01-01-2025,RST-109,Bayview Sushi & Raw,San Francisco,ING-001,Prime Angus Beef Patty,Meat & Poultry,lbs,6.5,731.43,375.91,780.36,325.07,326.98,1.91,12.41
INV-11203,01-10-2025,RST-109,Bayview Sushi & Raw,San Francisco,ING-001,Prime Angus Beef Patty,Meat & Poultry,lbs,6.5,1485.55,910.96,1666.7,725.23,729.81,4.58,29.77
INV-11204,01-07-2025,RST-109,Bayview Sushi & Raw,San Francisco,ING-001,Prime Angus Beef Patty,Meat & Poultry,lbs,6.5,770.15,290.76,746.02,311.06,314.89,3.83,24.89
INV-11205,01-05-2025,RST-109,Bayview Sushi & Raw,San Francisco,ING-002,Chicken Breast,Meat & Poultry,lbs,4.2,772.56,406.34,754.43,416.16,424.47,8.31,34.9
INV-11206,01-07-2025,RST-109,Bayview Sushi & Raw,San Francisco,ING-002,Chicken Breast,Meat & Poultry,lbs,4.2,619.61,708.12,866.2,452.14,461.53,9.39,39.44
INV-11207,01-11-2025,RST-109,Bayview Sushi & Raw,San Francisco,ING-002,Chicken Breast,Meat & Poultry,lbs,4.2,1202.26,669.6,1150.44,715.75,721.42,5.67,23.81
INV-11208,01-04-2025,RST-109,Bayview Sushi & Raw,San Francisco,ING-002,Chicken Breast,Meat & Poultry,lbs,4.2,418.14,170.36,412.03,173.2,176.47,3.27,13.73
INV-11209,01-06-2025,RST-109,Bayview Sushi & Raw,San Francisco,ING-003,Ribeye Steak,Meat & Poultry,lbs,14.5,811.5,551.76,753.29,608.06,609.97,1.91,27.7
INV-11210,01-12-2025,RST-109,Bayview Sushi & Raw,San Francisco,ING-003,Ribeye Steak,Meat & Poultry,lbs,14.5,205.42,190.41,283.51,107.37,112.32,4.95,71.78
INV-11211,01-09-2025,RST-109,Bayview Sushi & Raw,San Francisco,ING-003,Ribeye Steak,Meat & Poultry,lbs,14.5,1109.93,476.4,1126.11,451.49,460.22,8.73,126.59
INV-11212,01-11-2025,RST-109,Bayview Sushi & Raw,San Francisco,ING-003,Ribeye Steak,Meat & Poultry,lbs,14.5,883.14,520.32,942.26,455.15,461.2,6.05,87.72
INV-11213,01-05-2025,RST-109,Bayview Sushi & Raw,San Francisco,ING-003,Ribeye Steak,Meat & Poultry,lbs,14.5,323.71,160.03,327.21,147.54,156.53,8.99,130.35
INV-11214,01-05-2025,RST-109,Bayview Sushi & Raw,San Francisco,ING-004,Pork Shoulder,Meat & Poultry,lbs,3.8,270.21,217.14,354.29,130.59,133.06,2.47,9.39
INV-11215,01-01-2025,RST-109,Bayview Sushi & Raw,San Francisco,ING-004,Pork Shoulder,Meat & Poultry,lbs,3.8,1450.47,1076.73,1895.74,628.07,631.46,3.39,12.88
INV-11216,01-12-2025,RST-109,Bayview Sushi & Raw,San Francisco,ING-004,Pork Shoulder,Meat & Poultry,lbs,3.8,1111.71,929.83,1352.52,687.57,689.02,1.45,5.51
INV-11217,01-08-2025,RST-109,Bayview Sushi & Raw,San Francisco,ING-005,Ground Turkey,Meat & Poultry,lbs,4,191.72,189.41,224.34,151.78,156.79,5.01,20.04
INV-11218,01-04-2025,RST-109,Bayview Sushi & Raw,San Francisco,ING-005,Ground Turkey,Meat & Poultry,lbs,4,930.48,629.84,875.82,682.17,684.5,2.33,9.32
INV-11219,01-03-2025,RST-109,Bayview Sushi & Raw,San Francisco,ING-005,Ground Turkey,Meat & Poultry,lbs,4,154.32,174.21,204.32,119.33,124.21,4.88,19.52
INV-11220,01-02-2025,RST-109,Bayview Sushi & Raw,San Francisco,ING-005,Ground Turkey,Meat & Poultry,lbs,4,1485.11,11560.15,1757.4,596.34,597.79,36.25,145
INV-11221,01-11-2025,RST-109,Bayview Sushi & Raw,San Francisco,ING-005,Ground Turkey,Meat & Poultry,lbs,4,393.94,222.98,440.53,167.97,176.39,8.42,33.68
INV-11222,01-02-2025,RST-109,Bayview Sushi & Raw,San Francisco,ING-006,Atlantic Salmon Fillet,Seafood,lbs,11.5,505.37,195.98,491.5,204.46,209.85,5.39,61.98
INV-11223,01-03-2025,RST-109,Bayview Sushi & Raw,San Francisco,ING-006,Atlantic Salmon Fillet,Seafood,lbs,11.5,683.87,312.79,655.11,336.68,341.55,4.87,56.01
INV-11224,01-07-2025,RST-109,Bayview Sushi & Raw,San Francisco,ING-006,Atlantic Salmon Fillet,Seafood,lbs,11.5,655.75,234.15,602.12,278.56,287.78,9.22,106.03
INV-11225,01-12-2025,RST-109,Bayview Sushi & Raw,San Francisco,ING-007,Jumbo Shrimp,Seafood,lbs,12,327.84,398.86,445.34,271.61,281.36,9.75,117
INV-11226,01-06-2025,RST-109,Bayview Sushi & Raw,San Francisco,ING-007,Jumbo Shrimp,Seafood,lbs,12,670.41,554.14,,494.44,503.25,8.81,105.72
INV-11227,01-08-2025,RST-109,Bayview Sushi & Raw,San Francisco,ING-007,Jumbo Shrimp,Seafood,lbs,12,499.83,302.07,547.86,251.17,254.04,2.87,34.44
INV-11228,01-03-2025,RST-109,Bayview Sushi & Raw,San Francisco,ING-007,Jumbo Shrimp,Seafood,lbs,12,1361.59,918.92,1648.67,628.71,631.84,3.13,37.56
INV-11229,01-07-2025,RST-109,Bayview Sushi & Raw,San Francisco,ING-007,Jumbo Shrimp,Seafood,lbs,12,318.88,221.48,374.05,163.61,166.31,2.7,32.4
INV-11230,01-11-2025,RST-109,Bayview Sushi & Raw,San Francisco,ING-008,Yellowfin Tuna,Seafood,lbs,16,981.85,495.45,1041.58,430.9,435.72,4.82,77.12
INV-11231,01-02-2025,RST-109,Bayview Sushi & Raw,San Francisco,ING-008,Yellowfin Tuna,Seafood,lbs,16,249.28,260.24,319.12,183.32,190.4,7.08,113.28
INV-11232,01-06-2025,RST-109,Bayview Sushi & Raw,San Francisco,ING-008,Yellowfin Tuna,Seafood,lbs,16,1164.35,875.07,1433.03,605.27,606.39,1.12,17.92
INV-11233,01-09-2025,RST-109,Bayview Sushi & Raw,San Francisco,ING-008,Yellowfin Tuna,Seafood,lbs,16,509.5,179.94,476.92,205.41,212.52,7.11,113.76
INV-11234,01-01-2025,RST-109,Bayview Sushi & Raw,San Francisco,ING-008,Yellowfin Tuna,Seafood,lbs,16,457.15,322.96,562.55,214.45,217.56,3.11,49.76
INV-11235,01-09-2025,RST-109,Bayview Sushi & Raw,San Francisco,ING-009,Lobster Tail,Seafood,lbs,22,528.54,328.6,627.54,222.9,229.6,6.7,147.4
INV-11236,01-03-2025,RST-109,Bayview Sushi & Raw,San Francisco,ING-009,Lobster Tail,Seafood,lbs,22,326.94,151.65,312.21,164.67,166.38,1.71,37.62
INV-11237,01-11-2025,RST-109,Bayview Sushi & Raw,San Francisco,ING-009,Lobster Tail,Seafood,lbs,22,763.13,614.9,,442.75,444.55,1.8,39.6
INV-11238,01-04-2025,RST-109,Bayview Sushi & Raw,San Francisco,ING-010,Aged Cheddar Slices,Dairy & Cheese,lbs,5.1,398.88,175.52,408.01,161.58,166.39,4.81,24.53
INV-11239,01-01-2025,RST-109,Bayview Sushi & Raw,San Francisco,ING-010,Aged Cheddar Slices,Dairy & Cheese,lbs,5.1,643.66,841.22,956.64,522.41,528.24,5.83,29.73
INV-11240,01-03-2025,RST-109,Bayview Sushi & Raw,San Francisco,ING-010,Aged Cheddar Slices,Dairy & Cheese,lbs,5.1,359.5,270.31,339.91,280.84,289.9,9.06,46.21
INV-11241,01-08-2025,RST-109,Bayview Sushi & Raw,San Francisco,ING-011,Mozzarella Cheese,Dairy & Cheese,lbs,4.5,689.26,367.81,633.06,422.2,424.01,1.81,8.14
INV-11242,01-10-2025,RST-109,Bayview Sushi & Raw,San Francisco,ING-011,Mozzarella Cheese,Dairy & Cheese,lbs,4.5,635.02,502.71,752.03,381.96,385.7,3.74,16.83
INV-11243,01-06-2025,RST-109,Bayview Sushi & Raw,San Francisco,ING-011,Mozzarella Cheese,Dairy & Cheese,lbs,4.5,1271.08,601.23,1322.43,547.14,549.88,2.74,12.33
INV-11244,01-03-2025,RST-109,Bayview Sushi & Raw,San Francisco,ING-011,Mozzarella Cheese,Dairy & Cheese,lbs,4.5,351.24,218.32,391.35,175.52,178.21,2.69,12.11
INV-11245,01-08-2025,RST-109,Bayview Sushi & Raw,San Francisco,ING-012,Heavy Cream,Dairy & Cheese,quarts,3.2,837.55,671.33,973.38,532.76,535.5,2.74,8.77
INV-11246,01-06-2025,RST-109,Bayview Sushi & Raw,San Francisco,ING-012,Heavy Cream,Dairy & Cheese,quarts,3.2,291.18,401.69,453.23,236.74,239.64,2.9,9.28
INV-11247,01-10-2025,RST-109,Bayview Sushi & Raw,San Francisco,ING-012,Heavy Cream,Dairy & Cheese,quarts,3.2,387.59,229.9,362.84,247.9,254.65,6.75,21.6
INV-11248,01-12-2025,RST-109,Bayview Sushi & Raw,San Francisco,ING-013,Unsalted Butter,Dairy & Cheese,lbs,3.8,333.13,217.22,371.36,175.58,178.99,3.41,12.96
INV-11249,01-04-2025,RST-109,Bayview Sushi & Raw,San Francisco,ING-013,Unsalted Butter,Dairy & Cheese,lbs,3.8,1149.1,886.14,1536.17,492.6,499.07,6.47,24.59
INV-11250,01-09-2025,RST-109,Bayview Sushi & Raw,San Francisco,ING-013,Unsalted Butter,Dairy & Cheese,lbs,3.8,541.96,383.79,557.37,363.06,368.38,5.32,20.22
INV-11251,01-02-2025,RST-109,Bayview Sushi & Raw,San Francisco,ING-014,Parmesan Reggiano,Dairy & Cheese,lbs,9.5,291.36,164.01,325.85,124.94,129.52,4.58,43.51
INV-11252,01-11-2025,RST-109,Bayview Sushi & Raw,San Francisco,ING-014,Parmesan Reggiano,Dairy & Cheese,lbs,9.5,874.94,343.93,786.87,423.16,432,8.84,83.98
INV-11253,01-07-2025,RST-109,Bayview Sushi & Raw,San Francisco,ING-014,Parmesan Reggiano,Dairy & Cheese,lbs,9.5,642.51,366.27,613.44,390.38,395.34,4.96,47.12
INV-11254,01-05-2025,RST-109,Bayview Sushi & Raw,San Francisco,ING-014,Parmesan Reggiano,Dairy & Cheese,lbs,9.5,728.89,624.9,926.39,422.61,427.4,4.79,45.51
INV-11255,01-01-2025,RST-109,Bayview Sushi & Raw,San Francisco,ING-015,Hass Avocado,Produce,units,1.25,3435.42,2302.64,3090.51,2638.9,2647.55,8.65,10.81
INV-11256,01-04-2025,RST-109,Bayview Sushi & Raw,San Francisco,ING-015,Hass Avocado,Produce,units,1.25,1972.97,1280.31,2291.37,953.41,961.91,8.5,10.62
INV-11257,01-02-2025,RST-109,Bayview Sushi & Raw,San Francisco,ING-015,Hass Avocado,Produce,units,1.25,992.64,984.01,1241.9,725.23,734.75,9.52,11.9
INV-11258,01-09-2025,RST-109,Bayview Sushi & Raw,San Francisco,ING-016,Romaine Lettuce,Produce,lbs,1.8,1124.65,538.44,1163.79,496.15,499.3,3.15,5.67
INV-11259,01-02-2025,RST-109,Bayview Sushi & Raw,San Francisco,ING-016,Romaine Lettuce,Produce,lbs,1.8,778.66,715.11,876.69,611.53,617.08,5.55,9.99
INV-11260,01-07-2025,RST-109,Bayview Sushi & Raw,San Francisco,ING-016,Romaine Lettuce,Produce,lbs,1.8,996.79,536.11,1062.16,464.23,470.74,6.51,11.72
INV-11261,01-03-2025,RST-109,Bayview Sushi & Raw,San Francisco,ING-016,Romaine Lettuce,Produce,lbs,1.8,,692.14,1126.96,480.49,483.83,3.34,6.01
INV-11262,01-12-2025,RST-109,Bayview Sushi & Raw,San Francisco,ING-016,Romaine Lettuce,Produce,lbs,1.8,210.06,158.83,208.37,155.02,160.52,5.5,9.9
INV-11263,01-09-2025,RST-109,Bayview Sushi & Raw,San Francisco,ING-017,Idaho Russet Potatoes,Produce,lbs,0.85,807.55,654.58,1085.36,371.64,376.77,5.13,4.36
INV-11264,01-11-2025,RST-109,Bayview Sushi & Raw,San Francisco,ING-017,Idaho Russet Potatoes,Produce,lbs,0.85,618.16,357.93,719.16,254.98,256.93,1.95,1.66
INV-11265,01-03-2025,RST-109,Bayview Sushi & Raw,San Francisco,ING-017,Idaho Russet Potatoes,Produce,lbs,0.85,874,781.84,1177.82,472.24,478.02,5.78,4.91
INV-11266,01-07-2025,RST-109,Bayview Sushi & Raw,San Francisco,ING-018,Roma Tomatoes,Produce,lbs,1.5,496.42,331.46,529.15,290.24,298.73,8.49,12.73
INV-11267,01-10-2025,RST-109,Bayview Sushi & Raw,San Francisco,ING-018,Roma Tomatoes,Produce,lbs,1.5,599.9,249.1,560.82,278.62,288.18,9.56,14.34
INV-11268,01-05-2025,RST-109,Bayview Sushi & Raw,San Francisco,ING-018,Roma Tomatoes,Produce,lbs,1.5,1068.92,553.97,1113.67,504.51,509.22,4.71,7.06
INV-11269,01-02-2025,RST-109,Bayview Sushi & Raw,San Francisco,ING-019,Red Onions,Produce,lbs,0.9,929.67,544.76,1019.39,447.46,455.04,7.58,6.82
INV-11270,01-07-2025,RST-109,Bayview Sushi & Raw,San Francisco,ING-019,Red Onions,Produce,lbs,0.9,569.4,435.7,557.33,439.21,447.77,8.56,7.7
INV-11271,01-10-2025,RST-109,Bayview Sushi & Raw,San Francisco,ING-019,Red Onions,Produce,lbs,0.9,1349.83,524.1,1292.83,571.19,581.1,9.91,8.92
INV-11272,01-06-2025,RST-109,Bayview Sushi & Raw,San Francisco,ING-019,Red Onions,Produce,lbs,0.9,286.95,424.39,471.7,236.11,239.64,3.53,3.18
INV-11273,01-09-2025,RST-109,Bayview Sushi & Raw,San Francisco,ING-019,Red Onions,Produce,lbs,0.9,763.75,737.33,957.73,534.21,543.35,9.14,8.23
INV-11274,01-04-2025,RST-109,Bayview Sushi & Raw,San Francisco,ING-020,Fresh Basil,Produce,bunches,0.3,544.01,447.14,629.1,358.17,362.05,3.88,1.16
INV-11275,01-02-2025,RST-109,Bayview Sushi & Raw,San Francisco,ING-020,Fresh Basil,Produce,bunches,0.3,1437.83,722.85,1568.06,583.87,592.62,8.75,2.62
INV-11276,01-01-2025,RST-109,Bayview Sushi & Raw,San Francisco,ING-020,Fresh Basil,Produce,bunches,0.3,657,697.33,880.9,467.81,473.43,5.62,1.69
INV-11277,01-08-2025,RST-109,Bayview Sushi & Raw,San Francisco,ING-020,Fresh Basil,Produce,bunches,0.3,1232.24,648.61,1348.85,522.89,532,9.11,2.73
INV-11278,01-12-2025,RST-109,Bayview Sushi & Raw,San Francisco,ING-021,Wild Mushrooms,Produce,lbs,6,934.23,649.5,878.39,699.33,705.34,6.01,36.06
INV-11279,01-10-2025,RST-109,Bayview Sushi & Raw,San Francisco,ING-021,Wild Mushrooms,Produce,lbs,6,1679.99,576.37,1571.08,681.08,685.28,4.2,25.2
INV-11280,01-07-2025,RST-109,Bayview Sushi & Raw,San Francisco,ING-021,Wild Mushrooms,Produce,lbs,6,520.33,343.31,623.18,238.38,240.46,2.08,12.48
INV-11281,01-09-2025,RST-109,Bayview Sushi & Raw,San Francisco,ING-021,Wild Mushrooms,Produce,lbs,6,866.31,654.17,1105.01,414.29,415.47,1.18,7.08
INV-11282,01-05-2025,RST-109,Bayview Sushi & Raw,San Francisco,ING-021,Wild Mushrooms,Produce,lbs,6,1316.94,1094.18,1724.04,678.81,687.08,8.27,49.62
INV-11283,01-03-2025,RST-109,Bayview Sushi & Raw,San Francisco,ING-022,Spinach,Produce,lbs,2.2,665.47,818.64,939.3,536.29,544.81,8.52,18.74
INV-11284,01-04-2025,RST-109,Bayview Sushi & Raw,San Francisco,ING-022,Spinach,Produce,lbs,2.2,811.6,360.47,798.31,369.86,373.76,3.9,8.58
INV-11285,01-02-2025,RST-109,Bayview Sushi & Raw,San Francisco,ING-022,Spinach,Produce,lbs,2.2,1820.22,962.53,2040.04,733.3,742.71,9.41,20.7
INV-11286,01-02-2025,RST-109,Bayview Sushi & Raw,San Francisco,ING-023,Brioche Burger Buns,Bakery,units,0.45,2638.69,1646.06,2580.13,1698.03,1704.62,6.59,2.97
INV-11287,01-11-2025,RST-109,Bayview Sushi & Raw,San Francisco,ING-023,Brioche Burger Buns,Bakery,units,0.45,4403.45,3491.1,5622.9,2269.38,2271.65,2.27,1.02
INV-11288,01-06-2025,RST-109,Bayview Sushi & Raw,San Francisco,ING-023,Brioche Burger Buns,Bakery,units,0.45,5273.29,2497.31,5071.02,2694.42,2699.58,5.16,2.32
INV-11289,01-09-2025,RST-109,Bayview Sushi & Raw,San Francisco,ING-024,Sourdough Loaf,Bakery,units,2.5,1673.1,1100.11,1443.47,1323.75,1329.74,5.99,14.98
INV-11290,01-07-2025,RST-109,Bayview Sushi & Raw,San Francisco,ING-024,Sourdough Loaf,Bakery,units,2.5,4521.1,3907.19,6045.7,2381.29,2382.59,1.3,3.25
INV-11291,01-03-2025,RST-109,Bayview Sushi & Raw,San Francisco,ING-024,Sourdough Loaf,Bakery,units,2.5,2041.43,1688.26,2374.48,1353.56,1355.21,1.65,4.12
INV-11292,01-04-2025,RST-109,Bayview Sushi & Raw,San Francisco,ING-025,Tortilla Wraps,Bakery,units,0.25,899.31,704.91,1188.05,413.91,416.17,2.26,0.56
INV-11293,01-01-2025,RST-109,Bayview Sushi & Raw,San Francisco,ING-025,Tortilla Wraps,Bakery,units,0.25,1138.64,1126.77,1609.6,649.93,655.81,5.88,1.47
INV-11294,01-10-2025,RST-109,Bayview Sushi & Raw,San Francisco,ING-025,Tortilla Wraps,Bakery,units,0.25,2450.65,1418.51,2089.48,1771.39,1779.68,8.29,2.07
INV-11295,01-09-2025,RST-109,Bayview Sushi & Raw,San Francisco,ING-026,Truffle Mayo,Condiments & Oils,fl oz,0.35,2132.61,1655.81,2602.68,1183.2,1185.74,2.54,0.89
INV-11296,01-01-2025,RST-109,Bayview Sushi & Raw,San Francisco,ING-026,Truffle Mayo,Condiments & Oils,fl oz,0.35,3709.93,3404.78,4784.03,2328.26,2330.68,2.42,0.85
INV-11297,01-02-2025,RST-109,Bayview Sushi & Raw,San Francisco,ING-026,Truffle Mayo,Condiments & Oils,fl oz,0.35,2991.74,2682.44,3481.85,2189.11,2192.33,3.22,1.13
INV-11298,01-07-2025,RST-109,Bayview Sushi & Raw,San Francisco,ING-026,Truffle Mayo,Condiments & Oils,fl oz,0.35,3614.02,3944.94,5204.15,2345.78,2354.81,9.03,3.16
INV-11299,01-10-2025,RST-109,Bayview Sushi & Raw,San Francisco,ING-026,Truffle Mayo,Condiments & Oils,fl oz,0.35,1819.68,808.49,1712.9,910.75,915.27,4.52,1.58
INV-11300,01-12-2025,RST-109,Bayview Sushi & Raw,San Francisco,ING-027,Extra Virgin Olive Oil,Condiments & Oils,fl oz,0.4,3627.82,1793.81,3707.6,1710.11,1714.03,3.92,1.57
INV-11301,01-04-2025,RST-109,Bayview Sushi & Raw,San Francisco,ING-027,Extra Virgin Olive Oil,Condiments & Oils,fl oz,0.4,1565.22,1447.94,1735.97,1268.96,1277.19,8.23,3.29
INV-11302,01-11-2025,RST-109,Bayview Sushi & Raw,San Francisco,ING-027,Extra Virgin Olive Oil,Condiments & Oils,fl oz,0.4,5120.74,3431.26,5817.74,2732.98,2734.26,1.28,0.51
INV-11303,01-02-2025,RST-109,Bayview Sushi & Raw,San Francisco,ING-028,Soy Sauce,Condiments & Oils,fl oz,0.15,2189.26,2490.04,3253.75,1419.12,1425.55,6.43,0.96
INV-11304,01-11-2025,RST-109,Bayview Sushi & Raw,San Francisco,ING-028,Soy Sauce,Condiments & Oils,fl oz,0.15,4141.82,2678.07,3982.92,2828.27,2836.97,8.7,1.3
INV-11305,01-04-2025,RST-109,Bayview Sushi & Raw,San Francisco,ING-028,Soy Sauce,Condiments & Oils,fl oz,0.15,3130.89,2320.92,3273.22,2170.38,2178.59,8.21,1.23
INV-11306,01-12-2025,RST-109,Bayview Sushi & Raw,San Francisco,ING-029,Balsamic Glaze,Condiments & Oils,fl oz,0.5,1778.02,1446.19,2196.9,1021.98,1027.31,5.33,2.67
INV-11307,01-01-2025,RST-109,Bayview Sushi & Raw,San Francisco,ING-029,Balsamic Glaze,Condiments & Oils,fl oz,0.5,2665.18,2211.3,3275.15,1594.71,1601.33,6.62,3.31
INV-11308,01-03-2025,RST-109,Bayview Sushi & Raw,San Francisco,ING-029,Balsamic Glaze,Condiments & Oils,fl oz,0.5,2710.23,3003.1,3605.2,2098.55,2108.13,9.58,4.79
INV-11309,01-02-2025,RST-109,Bayview Sushi & Raw,San Francisco,ING-030,Craft IPA Beer Keg,Beverages & Draft,pints,1.1,2626.43,1851.02,2939.48,1535.84,1537.97,2.13,2.34
INV-11310,01-01-2025,RST-109,Bayview Sushi & Raw,San Francisco,ING-030,Craft IPA Beer Keg,Beverages & Draft,pints,1.1,3135.44,3341.02,3954.1,2515.4,2522.36,6.96,7.66
INV-11311,01-08-2025,RST-109,Bayview Sushi & Raw,San Francisco,ING-030,Craft IPA Beer Keg,Beverages & Draft,pints,1.1,2233.57,1539.29,2828.2,939.42,944.66,5.24,5.76
INV-11312,01-11-2025,RST-109,Bayview Sushi & Raw,San Francisco,ING-030,Craft IPA Beer Keg,Beverages & Draft,pints,1.1,2214.56,2247.54,2990.92,1468.99,1471.18,2.19,2.41
INV-11313,01-08-2025,RST-109,Bayview Sushi & Raw,San Francisco,ING-031,House Red Wine,Beverages & Draft,glasses,2.5,4805,2408.28,4632.1,2575.04,2581.18,6.14,15.35
INV-11314,01-09-2025,RST-109,Bayview Sushi & Raw,San Francisco,ING-031,House Red Wine,Beverages & Draft,glasses,2.5,3008.44,2456.4,3999.67,1460.49,1465.17,4.68,11.7
INV-11315,01-12-2025,RST-109,Bayview Sushi & Raw,San Francisco,ING-031,House Red Wine,Beverages & Draft,glasses,2.5,1406.2,1586.14,1834.03,1153.69,1158.31,4.62,11.55
INV-11316,01-11-2025,RST-109,Bayview Sushi & Raw,San Francisco,ING-031,House Red Wine,Beverages & Draft,glasses,2.5,1975.69,1690.21,2281.95,1374.09,1383.95,9.86,24.65
INV-11317,01-10-2025,RST-109,Bayview Sushi & Raw,San Francisco,ING-031,House Red Wine,Beverages & Draft,glasses,2.5,2324.39,1851.05,2993.54,1174.16,1181.9,7.74,19.35
INV-11318,01-08-2025,RST-109,Bayview Sushi & Raw,San Francisco,ING-032,Espresso Beans,Beverages & Draft,oz,0.6,3041.77,2681.6,4132.63,1588.8,1590.74,1.94,1.16
INV-11319,01-03-2025,RST-109,Bayview Sushi & Raw,San Francisco,ING-032,Espresso Beans,Beverages & Draft,oz,0.6,3739.93,3031.64,4228.84,2538.88,2542.73,3.85,2.31
INV-11320,01-05-2025,RST-109,Bayview Sushi & Raw,San Francisco,ING-032,Espresso Beans,Beverages & Draft,oz,0.6,2010.29,1877.66,2439.34,1440.4,1448.61,8.21,4.93
INV-11321,01-10-2025,RST-109,Bayview Sushi & Raw,San Francisco,ING-032,Espresso Beans,Beverages & Draft,oz,0.6,2844.89,2552.28,3841.83,1547.99,1555.34,7.35,4.41
INV-11322,01-07-2025,RST-109,Bayview Sushi & Raw,San Francisco,ING-032,Espresso Beans,Beverages & Draft,oz,0.6,2571.41,2822.56,3712.6,1675.18,1681.37,6.19,3.71
INV-11323,01-06-2025,RST-109,Bayview Sushi & Raw,San Francisco,ING-033,Cold Brew Concentrate,Beverages & Draft,fl oz,0.45,2797.93,1251.5,2574.84,1473.57,1474.59,1.02,0.46
INV-11324,01-02-2025,RST-109,Bayview Sushi & Raw,San Francisco,ING-033,Cold Brew Concentrate,Beverages & Draft,fl oz,0.45,2160.81,954.87,2077.18,1036.48,1038.5,2.02,0.91
INV-11325,01-10-2025,RST-109,Bayview Sushi & Raw,San Francisco,ING-033,Cold Brew Concentrate,Beverages & Draft,fl oz,0.45,2998.95,2220.48,3748.32,1468.5,1471.11,2.61,1.17
INV-11326,01-08-2025,RST-109,Bayview Sushi & Raw,San Francisco,ING-033,Cold Brew Concentrate,Beverages & Draft,fl oz,0.45,1470.3,643.75,1498.44,606.93,615.61,8.68,3.91
INV-11327,01-04-2025,RST-109,Bayview Sushi & Raw,San Francisco,ING-033,Cold Brew Concentrate,Beverages & Draft,fl oz,0.45,,2562.64,5739.66,2645.08,2653.48,8.4,3.78
INV-11328,01-11-2025,RST-110,Metro Garden Salad,Seattle,ING-001,Prime Angus Beef Patty,Meat & Poultry,lbs,6.5,684.05,589.34,855.3,408.98,418.09,9.11,59.21
INV-11329,01-04-2025,RST-110,Metro Garden Salad,Seattle,ING-001,Prime Angus Beef Patty,Meat & Poultry,lbs,6.5,350.27,194.34,331.44,206.55,213.17,6.62,43.03
INV-11330,01-02-2025,RST-110,Metro Garden Salad,Seattle,ING-001,Prime Angus Beef Patty,Meat & Poultry,lbs,6.5,1383.64,619.02,1419.34,573.77,583.32,9.55,62.08
INV-11331,01-05-2025,RST-110,Metro Garden Salad,Seattle,ING-002,Chicken Breast,Meat & Poultry,lbs,4.2,293.01,139.46,305.23,125.08,127.24,2.16,9.07
INV-11332,01-01-2025,RST-110,Metro Garden Salad,Seattle,ING-002,Chicken Breast,Meat & Poultry,lbs,4.2,800.02,336.13,728.18,404.5,407.97,3.47,14.57
INV-11333,01-11-2025,RST-110,Metro Garden Salad,Seattle,ING-002,Chicken Breast,Meat & Poultry,lbs,4.2,211.88,205.65,286.37,121.32,131.16,9.84,41.33
INV-11334,01-09-2025,RST-110,Metro Garden Salad,Seattle,ING-002,Chicken Breast,Meat & Poultry,lbs,4.2,724.92,876.94,1082.13,514.08,519.73,5.65,23.73
INV-11335,01-04-2025,RST-110,Metro Garden Salad,Seattle,ING-002,Chicken Breast,Meat & Poultry,lbs,4.2,479.51,311.4,583.38,199.94,207.53,7.59,31.88
INV-11336,01-12-2025,RST-110,Metro Garden Salad,Seattle,ING-003,Ribeye Steak,Meat & Poultry,lbs,14.5,603.91,274.99,578.23,293.49,300.67,7.18,104.11
INV-11337,01-07-2025,RST-110,Metro Garden Salad,Seattle,ING-003,Ribeye Steak,Meat & Poultry,lbs,14.5,1381.15,943.25,1621.11,693.64,703.29,9.65,139.93
INV-11338,01-01-2025,RST-110,Metro Garden Salad,Seattle,ING-003,Ribeye Steak,Meat & Poultry,lbs,14.5,780.71,554.73,820.28,507.81,515.16,7.35,106.57
INV-11339,01-10-2025,RST-110,Metro Garden Salad,Seattle,ING-003,Ribeye Steak,Meat & Poultry,lbs,14.5,921.69,662.04,995.78,578.03,587.95,9.92,143.84
INV-11340,01-11-2025,RST-110,Metro Garden Salad,Seattle,ING-003,Ribeye Steak,Meat & Poultry,lbs,14.5,286.99,143.4,255.73,166.27,174.66,8.39,121.66
INV-11341,01-12-2025,RST-110,Metro Garden Salad,Seattle,ING-004,Pork Shoulder,Meat & Poultry,lbs,3.8,1190.33,687.66,1331.33,540.1,546.66,6.56,24.93
INV-11342,01-10-2025,RST-110,Metro Garden Salad,Seattle,ING-004,Pork Shoulder,Meat & Poultry,lbs,3.8,936.92,514.75,1046.48,396.61,405.19,8.58,32.6
INV-11343,01-03-2025,RST-110,Metro Garden Salad,Seattle,ING-004,Pork Shoulder,Meat & Poultry,lbs,3.8,1076.39,639.56,1090.42,620.88,625.53,4.65,17.67
INV-11344,01-07-2025,RST-110,Metro Garden Salad,Seattle,ING-004,Pork Shoulder,Meat & Poultry,lbs,3.8,952.96,843.72,1151.39,637.04,645.29,8.25,31.35
INV-11345,01-01-2025,RST-110,Metro Garden Salad,Seattle,ING-005,Ground Turkey,Meat & Poultry,lbs,4,801.63,578.79,1051.8,325.21,328.62,3.41,13.64
INV-11346,01-04-2025,RST-110,Metro Garden Salad,Seattle,ING-005,Ground Turkey,Meat & Poultry,lbs,4,268.04,158.42,297.91,126.64,128.55,1.91,7.64
INV-11347,01-08-2025,RST-110,Metro Garden Salad,Seattle,ING-005,Ground Turkey,Meat & Poultry,lbs,4,694.56,935.13,1067.55,559.89,562.14,2.25,9
INV-11348,01-02-2025,RST-110,Metro Garden Salad,Seattle,ING-005,Ground Turkey,Meat & Poultry,lbs,4,261.04,321.69,392.74,182.75,189.99,7.24,28.96
INV-11349,01-07-2025,RST-110,Metro Garden Salad,Seattle,ING-006,Atlantic Salmon Fillet,Seafood,lbs,11.5,316.92,215.06,342.83,179.71,189.15,9.44,108.56
INV-11350,01-09-2025,RST-110,Metro Garden Salad,Seattle,ING-006,Atlantic Salmon Fillet,Seafood,lbs,11.5,242,207.14,241.22,199.54,207.92,8.38,96.37
INV-11351,01-10-2025,RST-110,Metro Garden Salad,Seattle,ING-006,Atlantic Salmon Fillet,Seafood,lbs,11.5,357.19,219.51,333.2,236.06,243.5,7.44,85.56
INV-11352,01-05-2025,RST-110,Metro Garden Salad,Seattle,ING-007,Jumbo Shrimp,Seafood,lbs,12,740.57,515.42,912,334.95,343.99,9.04,108.48
INV-11353,01-03-2025,RST-110,Metro Garden Salad,Seattle,ING-007,Jumbo Shrimp,Seafood,lbs,12,739.14,475.56,814.89,391.16,399.81,8.65,103.8
INV-11354,01-08-2025,RST-110,Metro Garden Salad,Seattle,ING-007,Jumbo Shrimp,Seafood,lbs,12,376.86,292.34,416.82,249.31,252.38,3.07,36.84
INV-11355,01-01-2025,RST-110,Metro Garden Salad,Seattle,ING-007,Jumbo Shrimp,Seafood,lbs,12,638.82,520.49,685.44,464.65,473.87,9.22,110.64
INV-11356,01-05-2025,RST-110,Metro Garden Salad,Seattle,ING-008,Yellowfin Tuna,Seafood,lbs,16,,539.48,705.02,378.14,385.3,7.16,114.56
INV-11357,01-11-2025,RST-110,Metro Garden Salad,Seattle,ING-008,Yellowfin Tuna,Seafood,lbs,16,403.46,148.51,365.09,181.54,186.88,5.34,85.44
INV-11358,01-02-2025,RST-110,Metro Garden Salad,Seattle,ING-008,Yellowfin Tuna,Seafood,lbs,16,681.5,350.7,708.6,315.16,323.6,8.44,135.04
INV-11359,01-07-2025,RST-110,Metro Garden Salad,Seattle,ING-008,Yellowfin Tuna,Seafood,lbs,16,1086.39,870.91,1463.47,486.72,493.83,7.11,113.76
INV-11360,01-07-2025,RST-110,Metro Garden Salad,Seattle,ING-009,Lobster Tail,Seafood,lbs,22,1232.39,1083.08,1582.81,731.09,732.66,1.57,34.54
INV-11361,01-06-2025,RST-110,Metro Garden Salad,Seattle,ING-009,Lobster Tail,Seafood,lbs,22,877.08,478.77,994.7,357.56,361.15,3.59,78.98
INV-11362,01-08-2025,RST-110,Metro Garden Salad,Seattle,ING-009,Lobster Tail,Seafood,lbs,22,376.78,257.44,451.67,178.18,182.55,4.37,96.14
INV-11363,01-01-2025,RST-110,Metro Garden Salad,Seattle,ING-009,Lobster Tail,Seafood,lbs,22,882.46,792.6,947.66,718.11,727.4,9.29,204.38
INV-11364,01-02-2025,RST-110,Metro Garden Salad,Seattle,ING-009,Lobster Tail,Seafood,lbs,22,471.53,411.75,566.26,308.61,317.02,8.41,185.02
INV-11365,01-06-2025,RST-110,Metro Garden Salad,Seattle,ING-010,Aged Cheddar Slices,Dairy & Cheese,lbs,5.1,757.71,627.15,963.36,412.06,421.5,9.44,48.14
INV-11366,01-01-2025,RST-110,Metro Garden Salad,Seattle,ING-010,Aged Cheddar Slices,Dairy & Cheese,lbs,5.1,195.21,255.8,289.73,159.31,161.28,1.97,10.05
INV-11367,01-05-2025,RST-110,Metro Garden Salad,Seattle,ING-010,Aged Cheddar Slices,Dairy & Cheese,lbs,5.1,1486.52,1075.6,1817.98,741.35,744.14,2.79,14.23
INV-11368,01-07-2025,RST-110,Metro Garden Salad,Seattle,ING-010,Aged Cheddar Slices,Dairy & Cheese,lbs,5.1,527.04,438.03,699.03,256.2,266.04,9.84,50.18
INV-11369,01-09-2025,RST-110,Metro Garden Salad,Seattle,ING-010,Aged Cheddar Slices,Dairy & Cheese,lbs,5.1,314.34,195.88,272.69,228.72,237.53,8.81,44.93
INV-11370,01-09-2025,RST-110,Metro Garden Salad,Seattle,ING-011,Mozzarella Cheese,Dairy & Cheese,lbs,4.5,787.34,402.87,849.06,337.13,341.15,4.02,18.09
INV-11371,01-12-2025,RST-110,Metro Garden Salad,Seattle,ING-011,Mozzarella Cheese,Dairy & Cheese,lbs,4.5,396.96,262.12,417.25,234.73,241.83,7.1,31.95
INV-11372,01-02-2025,RST-110,Metro Garden Salad,Seattle,ING-011,Mozzarella Cheese,Dairy & Cheese,lbs,4.5,562.15,249.58,520.78,288.23,290.95,2.72,12.24
INV-11373,01-04-2025,RST-110,Metro Garden Salad,Seattle,ING-012,Heavy Cream,Dairy & Cheese,quarts,3.2,1507.32,1190.96,2020.23,668.71,678.05,9.34,29.89
INV-11374,01-08-2025,RST-110,Metro Garden Salad,Seattle,ING-012,Heavy Cream,Dairy & Cheese,quarts,3.2,1470.87,797.97,1583.1,683.78,685.74,1.96,6.27
INV-11375,01-09-2025,RST-110,Metro Garden Salad,Seattle,ING-012,Heavy Cream,Dairy & Cheese,quarts,3.2,1353.85,836,1632.87,547.62,556.98,9.36,29.95
INV-11376,01-03-2025,RST-110,Metro Garden Salad,Seattle,ING-012,Heavy Cream,Dairy & Cheese,quarts,3.2,879.42,653.44,905.98,622.8,626.88,4.08,13.06
INV-11377,01-07-2025,RST-110,Metro Garden Salad,Seattle,ING-012,Heavy Cream,Dairy & Cheese,quarts,3.2,409.56,371.73,564.07,209.37,217.22,7.85,25.12
INV-11378,01-10-2025,RST-110,Metro Garden Salad,Seattle,ING-013,Unsalted Butter,Dairy & Cheese,lbs,3.8,964.23,726.61,1227.97,456.21,462.87,6.66,25.31
INV-11379,01-03-2025,RST-110,Metro Garden Salad,Seattle,ING-013,Unsalted Butter,Dairy & Cheese,lbs,3.8,423.01,294.33,516.89,199.23,200.45,1.22,4.64
INV-11380,01-02-2025,RST-110,Metro Garden Salad,Seattle,ING-013,Unsalted Butter,Dairy & Cheese,lbs,3.8,600.3,540.21,769.92,367.64,370.59,2.95,11.21
INV-11381,01-11-2025,RST-110,Metro Garden Salad,Seattle,ING-013,Unsalted Butter,Dairy & Cheese,lbs,3.8,1155.56,773.45,1435.65,484.07,493.36,9.29,35.3
INV-11382,01-12-2025,RST-110,Metro Garden Salad,Seattle,ING-013,Unsalted Butter,Dairy & Cheese,lbs,3.8,893.45,1047.18,1199.88,736.03,740.75,4.72,17.94
INV-11383,01-10-2025,RST-110,Metro Garden Salad,Seattle,ING-014,Parmesan Reggiano,Dairy & Cheese,lbs,9.5,608.34,432.57,727.67,307.92,313.24,5.32,50.54
INV-11384,01-04-2025,RST-110,Metro Garden Salad,Seattle,ING-014,Parmesan Reggiano,Dairy & Cheese,lbs,9.5,807.6,1018.05,1190.02,630.18,635.63,5.45,51.77
INV-11385,01-09-2025,RST-110,Metro Garden Salad,Seattle,ING-014,Parmesan Reggiano,Dairy & Cheese,lbs,9.5,439.57,270.92,521.08,186.94,189.41,2.47,23.47
INV-11386,01-02-2025,RST-110,Metro Garden Salad,Seattle,ING-014,Parmesan Reggiano,Dairy & Cheese,lbs,9.5,168.6,171.69,215.81,121.87,124.48,2.61,24.79
INV-11387,01-09-2025,RST-110,Metro Garden Salad,Seattle,ING-015,Hass Avocado,Produce,units,1.25,5083.67,2678.8,5609.62,2147.92,2152.85,4.93,6.16
INV-11388,01-08-2025,RST-110,Metro Garden Salad,Seattle,ING-015,Hass Avocado,Produce,units,1.25,3223.66,3222.66,3998,2439.79,2448.32,8.53,10.66
INV-11389,01-01-2025,RST-110,Metro Garden Salad,Seattle,ING-015,Hass Avocado,Produce,units,1.25,6250.35,3833.33,7522.31,2558.5,2561.37,2.87,3.59
INV-11390,01-08-2025,RST-110,Metro Garden Salad,Seattle,ING-016,Romaine Lettuce,Produce,lbs,1.8,1629.62,1188.13,2065.65,745.55,752.1,6.55,11.79
INV-11391,01-03-2025,RST-110,Metro Garden Salad,Seattle,ING-016,Romaine Lettuce,Produce,lbs,1.8,1505.37,1230,1985.01,740.85,750.36,9.51,17.12
INV-11392,01-02-2025,RST-110,Metro Garden Salad,Seattle,ING-016,Romaine Lettuce,Produce,lbs,1.8,1194.57,618.94,1106.55,704.41,706.96,2.55,4.59
INV-11393,01-12-2025,RST-110,Metro Garden Salad,Seattle,ING-017,Idaho Russet Potatoes,Produce,lbs,0.85,1136.34,729.77,1319.84,537.14,546.27,9.13,7.76
INV-11394,01-03-2025,RST-110,Metro Garden Salad,Seattle,ING-017,Idaho Russet Potatoes,Produce,lbs,0.85,246.22,211.51,283.44,172.15,174.29,2.14,1.82
INV-11395,01-10-2025,RST-110,Metro Garden Salad,Seattle,ING-017,Idaho Russet Potatoes,Produce,lbs,0.85,804.14,507.69,841.21,468.09,470.62,2.53,2.15
INV-11396,01-02-2025,RST-110,Metro Garden Salad,Seattle,ING-017,Idaho Russet Potatoes,Produce,lbs,0.85,632.87,437.46,749.89,317.97,320.44,2.47,2.1
INV-11397,01-05-2025,RST-110,Metro Garden Salad,Seattle,ING-017,Idaho Russet Potatoes,Produce,lbs,0.85,223.72,147.21,180.81,181.2,190.12,8.92,7.58
INV-11398,01-10-2025,RST-110,Metro Garden Salad,Seattle,ING-018,Roma Tomatoes,Produce,lbs,1.5,664.84,509.98,714.82,456.46,460,3.54,5.31
INV-11399,01-09-2025,RST-110,Metro Garden Salad,Seattle,ING-018,Roma Tomatoes,Produce,lbs,1.5,563.98,426.61,537.22,445.06,453.37,8.31,12.46
INV-11400,01-01-2025,RST-110,Metro Garden Salad,Seattle,ING-018,Roma Tomatoes,Produce,lbs,1.5,279.92,233.37,321.45,186.19,191.84,5.65,8.48
INV-11401,01-11-2025,RST-110,Metro Garden Salad,Seattle,ING-018,Roma Tomatoes,Produce,lbs,1.5,1062.42,948.12,1407.62,596.35,602.92,6.57,9.86
INV-11402,01-03-2025,RST-110,Metro Garden Salad,Seattle,ING-018,Roma Tomatoes,Produce,lbs,1.5,243.47,214.64,280.03,173.51,178.08,4.57,6.86
INV-11403,01-01-2025,RST-110,Metro Garden Salad,Seattle,ING-019,Red Onions,Produce,lbs,0.9,609.77,269.18,,310.59,319.06,8.47,7.62
INV-11404,01-08-2025,RST-110,Metro Garden Salad,Seattle,ING-019,Red Onions,Produce,lbs,0.9,964.65,699.77,1195.25,465.55,469.17,3.62,3.26
INV-11405,01-04-2025,RST-110,Metro Garden Salad,Seattle,ING-019,Red Onions,Produce,lbs,0.9,991.27,635.67,1211.47,405.74,415.47,9.73,8.76
INV-11406,01-05-2025,RST-110,Metro Garden Salad,Seattle,ING-019,Red Onions,Produce,lbs,0.9,835.64,505.81,750.18,585.07,591.27,6.2,5.58
INV-11407,01-06-2025,RST-110,Metro Garden Salad,Seattle,ING-019,Red Onions,Produce,lbs,0.9,518.19,534.53,715.84,332.58,336.88,4.3,3.87
INV-11408,01-03-2025,RST-110,Metro Garden Salad,Seattle,ING-020,Fresh Basil,Produce,bunches,0.3,189.96,115.59,194.55,101.03,111,9.97,2.99
INV-11409,01-09-2025,RST-110,Metro Garden Salad,Seattle,ING-020,Fresh Basil,Produce,bunches,0.3,1318.33,1056.78,1764.05,602.07,611.06,8.99,2.7
INV-11410,01-02-2025,RST-110,Metro Garden Salad,Seattle,ING-020,Fresh Basil,Produce,bunches,0.3,434.39,474.31,597.48,306.82,311.22,4.4,1.32
INV-11411,01-01-2025,RST-110,Metro Garden Salad,Seattle,ING-020,Fresh Basil,Produce,bunches,0.3,823.07,696.06,1106.8,407.56,412.33,4.77,1.43
INV-11412,01-06-2025,RST-110,Metro Garden Salad,Seattle,ING-021,Wild Mushrooms,Produce,lbs,6,738.84,419.73,731.39,423.18,427.18,4,24
INV-11413,01-02-2025,RST-110,Metro Garden Salad,Seattle,ING-021,Wild Mushrooms,Produce,lbs,6,1186.15,499.56,1104.97,573.01,580.74,7.73,46.38
INV-11414,01-12-2025,RST-110,Metro Garden Salad,Seattle,ING-021,Wild Mushrooms,Produce,lbs,6,256.29,142.56,258.08,134.48,140.77,6.29,37.74
INV-11415,01-07-2025,RST-110,Metro Garden Salad,Seattle,ING-021,Wild Mushrooms,Produce,lbs,6,669.37,299.47,695.8,269.86,273.04,3.18,19.08
INV-11416,01-11-2025,RST-110,Metro Garden Salad,Seattle,ING-022,Spinach,Produce,lbs,2.2,1176,1272.17,1717.13,721.93,731.04,9.11,20.04
INV-11417,01-04-2025,RST-110,Metro Garden Salad,Seattle,ING-022,Spinach,Produce,lbs,2.2,618.95,495.14,835.07,275.75,279.02,3.27,7.19
INV-11418,01-09-2025,RST-110,Metro Garden Salad,Seattle,ING-022,Spinach,Produce,lbs,2.2,720.31,420.36,755.62,383.91,385.05,1.14,2.51
INV-11419,01-02-2025,RST-110,Metro Garden Salad,Seattle,ING-022,Spinach,Produce,lbs,2.2,380.79,302.29,437.46,243.08,245.62,2.54,5.59
INV-11420,01-03-2025,RST-110,Metro Garden Salad,Seattle,ING-023,Brioche Burger Buns,Bakery,units,0.45,6033.26,4421.01,7628.9,2823.55,2825.37,1.82,0.82
INV-11421,01-02-2025,RST-110,Metro Garden Salad,Seattle,ING-023,Brioche Burger Buns,Bakery,units,0.45,2605.96,1703.47,2565.06,1736.08,1744.37,8.29,3.73
INV-11422,01-04-2025,RST-110,Metro Garden Salad,Seattle,ING-023,Brioche Burger Buns,Bakery,units,0.45,1358.93,1305.85,1911.01,751.1,753.77,2.67,1.2
INV-11423,01-12-2025,RST-110,Metro Garden Salad,Seattle,ING-023,Brioche Burger Buns,Bakery,units,0.45,7335.1,3989.28,8379.07,2942.78,2945.31,2.53,1.14
INV-11424,01-11-2025,RST-110,Metro Garden Salad,Seattle,ING-023,Brioche Burger Buns,Bakery,units,0.45,2140.52,1355.45,2270.57,1221.87,1225.4,3.53,1.59
INV-11425,01-02-2025,RST-110,Metro Garden Salad,Seattle,ING-024,Sourdough Loaf,Bakery,units,2.5,4453.43,3116.49,5471.68,2094.37,2098.24,3.87,9.68
INV-11426,01-03-2025,RST-110,Metro Garden Salad,Seattle,ING-024,Sourdough Loaf,Bakery,units,2.5,2578.83,1819.34,3337.32,1055.73,1060.85,5.12,12.8
INV-11427,01-07-2025,RST-110,Metro Garden Salad,Seattle,ING-024,Sourdough Loaf,Bakery,units,2.5,4649.03,3183.53,5230.05,2600.1,2602.51,2.41,6.03
INV-11428,01-09-2025,RST-110,Metro Garden Salad,Seattle,ING-024,Sourdough Loaf,Bakery,units,2.5,2864.41,1240.88,2591.63,1508.66,1513.66,5,12.5
INV-11429,01-02-2025,RST-110,Metro Garden Salad,Seattle,ING-025,Tortilla Wraps,Bakery,units,0.25,2930.02,1692.24,2805.8,1807.47,1816.46,8.99,2.25
INV-11430,01-04-2025,RST-110,Metro Garden Salad,Seattle,ING-025,Tortilla Wraps,Bakery,units,0.25,3802.63,2250.6,4422.18,1623.98,1631.05,7.07,1.77
INV-11431,01-11-2025,RST-110,Metro Garden Salad,Seattle,ING-025,Tortilla Wraps,Bakery,units,0.25,5123.91,2984.45,5611.66,2491.08,2496.7,5.62,1.41
INV-11432,01-10-2025,RST-110,Metro Garden Salad,Seattle,ING-026,Truffle Mayo,Condiments & Oils,fl oz,0.35,4283.09,3164.66,5501.58,1943.64,1946.17,2.53,0.89
INV-11433,01-08-2025,RST-110,Metro Garden Salad,Seattle,ING-026,Truffle Mayo,Condiments & Oils,fl oz,0.35,5611.42,4597,7469.76,2733.29,2738.66,5.37,1.88
INV-11434,01-03-2025,RST-110,Metro Garden Salad,Seattle,ING-026,Truffle Mayo,Condiments & Oils,fl oz,0.35,4332.8,3075.63,5594.11,1809.29,1814.32,5.03,1.76
INV-11435,01-09-2025,RST-110,Metro Garden Salad,Seattle,ING-026,Truffle Mayo,Condiments & Oils,fl oz,0.35,1905.28,1322.54,2110.77,1113.47,1117.05,3.58,1.25
INV-11436,01-04-2025,RST-110,Metro Garden Salad,Seattle,ING-026,Truffle Mayo,Condiments & Oils,fl oz,0.35,,955.38,2397.37,1098.31,1105.41,7.1,2.48
INV-11437,01-08-2025,RST-110,Metro Garden Salad,Seattle,ING-027,Extra Virgin Olive Oil,Condiments & Oils,fl oz,0.4,1759.3,1239.8,2014.27,975.97,984.83,8.86,3.54
INV-11438,01-06-2025,RST-110,Metro Garden Salad,Seattle,ING-027,Extra Virgin Olive Oil,Condiments & Oils,fl oz,0.4,4449.58,3505.2,5562.87,2383.28,2391.91,8.63,3.45
INV-11439,01-01-2025,RST-110,Metro Garden Salad,Seattle,ING-027,Extra Virgin Olive Oil,Condiments & Oils,fl oz,0.4,732.25,725.24,1025.03,424.8,432.46,7.66,3.06
INV-11440,01-11-2025,RST-110,Metro Garden Salad,Seattle,ING-027,Extra Virgin Olive Oil,Condiments & Oils,fl oz,0.4,3420.88,2079.06,3682.87,1811.39,1817.07,5.68,2.27
INV-11441,01-03-2025,RST-110,Metro Garden Salad,Seattle,ING-028,Soy Sauce,Condiments & Oils,fl oz,0.15,1113.05,579.33,1081.3,606.75,611.08,4.33,0.65
INV-11442,01-11-2025,RST-110,Metro Garden Salad,Seattle,ING-028,Soy Sauce,Condiments & Oils,fl oz,0.15,2199.09,1723.04,2656.81,1256.19,1265.32,9.13,1.37
INV-11443,01-09-2025,RST-110,Metro Garden Salad,Seattle,ING-028,Soy Sauce,Condiments & Oils,fl oz,0.15,3529.18,2222.64,4320.56,1425.66,1431.26,5.6,0.84
INV-11444,01-08-2025,RST-110,Metro Garden Salad,Seattle,ING-028,Soy Sauce,Condiments & Oils,fl oz,0.15,2765.04,3411.51,4095.84,2074.47,2080.71,6.24,0.94
INV-11445,01-01-2025,RST-110,Metro Garden Salad,Seattle,ING-028,Soy Sauce,Condiments & Oils,fl oz,0.15,6008.64,4843.15,7879.81,2963.78,2971.98,8.2,1.23
INV-11446,01-04-2025,RST-110,Metro Garden Salad,Seattle,ING-029,Balsamic Glaze,Condiments & Oils,fl oz,0.5,6632.81,3991.14,7670.47,2943.96,2953.48,9.52,4.76
INV-11447,01-09-2025,RST-110,Metro Garden Salad,Seattle,ING-029,Balsamic Glaze,Condiments & Oils,fl oz,0.5,4030.32,1983.52,4296.76,1712.67,1717.08,4.41,2.21
INV-11448,01-11-2025,RST-110,Metro Garden Salad,Seattle,ING-029,Balsamic Glaze,Condiments & Oils,fl oz,0.5,2841.35,2012.83,3361.57,1487.14,1492.61,5.47,2.73
INV-11449,01-11-2025,RST-110,Metro Garden Salad,Seattle,ING-030,Craft IPA Beer Keg,Beverages & Draft,pints,1.1,2436.02,1826.31,2893.7,1365.8,1368.63,2.83,3.11
INV-11450,01-06-2025,RST-110,Metro Garden Salad,Seattle,ING-030,Craft IPA Beer Keg,Beverages & Draft,pints,1.1,1887.24,993.09,2070.67,804.95,809.66,4.71,5.18
INV-11451,01-09-2025,RST-110,Metro Garden Salad,Seattle,ING-030,Craft IPA Beer Keg,Beverages & Draft,pints,1.1,910,667.05,1078.43,492.59,498.62,6.03,6.63
INV-11452,01-05-2025,RST-110,Metro Garden Salad,Seattle,ING-031,House Red Wine,Beverages & Draft,glasses,2.5,902.78,524.87,864.07,556.19,563.58,7.39,18.47
INV-11453,01-01-2025,RST-110,Metro Garden Salad,Seattle,ING-031,House Red Wine,Beverages & Draft,glasses,2.5,2479.5,1446.67,2130.21,1787.69,1795.96,8.27,20.67
INV-11454,01-06-2025,RST-110,Metro Garden Salad,Seattle,ING-031,House Red Wine,Beverages & Draft,glasses,2.5,1705.99,975.6,1817.21,858.11,864.38,6.27,15.67
INV-11455,01-09-2025,RST-110,Metro Garden Salad,Seattle,ING-031,House Red Wine,Beverages & Draft,glasses,2.5,1602.81,1248.72,1628.14,1220.7,1223.39,2.69,6.72
INV-11456,01-07-2025,RST-110,Metro Garden Salad,Seattle,ING-032,Espresso Beans,Beverages & Draft,oz,0.6,6403.85,3158.42,6746.59,2812.54,2815.68,3.14,1.88
INV-11457,01-12-2025,RST-110,Metro Garden Salad,Seattle,ING-032,Espresso Beans,Beverages & Draft,oz,0.6,,1671.97,2593.09,1082.85,1088.38,5.53,3.32
INV-11458,01-09-2025,RST-110,Metro Garden Salad,Seattle,ING-032,Espresso Beans,Beverages & Draft,oz,0.6,1233.6,925.47,1579.19,576.27,579.88,3.61,2.17
INV-11459,01-05-2025,RST-110,Metro Garden Salad,Seattle,ING-032,Espresso Beans,Beverages & Draft,oz,0.6,3731.5,3592.3,5188.46,2126.73,2135.34,8.61,5.17
INV-11460,01-07-2025,RST-110,Metro Garden Salad,Seattle,ING-033,Cold Brew Concentrate,Beverages & Draft,fl oz,0.45,5154.08,3757.65,6345.11,2563.7,2566.62,2.92,1.31
INV-11461,01-03-2025,RST-110,Metro Garden Salad,Seattle,ING-033,Cold Brew Concentrate,Beverages & Draft,fl oz,0.45,3695.2,2009.83,3587.74,2109.03,2117.29,8.26,3.72
INV-11462,01-06-2025,RST-110,Metro Garden Salad,Seattle,ING-033,Cold Brew Concentrate,Beverages & Draft,fl oz,0.45,4265.93,1867.67,4401.63,1726.64,1731.97,5.33,2.4
INV-11463,01-10-2025,RST-111,Pike Place Italian,Seattle,ING-001,Prime Angus Beef Patty,Meat & Poultry,lbs,6.5,596.92,386.92,553.65,428.08,430.19,2.11,13.71
INV-11464,01-12-2025,RST-111,Pike Place Italian,Seattle,ING-001,Prime Angus Beef Patty,Meat & Poultry,lbs,6.5,330.12,165.09,326.28,165.67,168.93,3.26,21.19
INV-11465,01-06-2025,RST-111,Pike Place Italian,Seattle,ING-001,Prime Angus Beef Patty,Meat & Poultry,lbs,6.5,520.38,352.14,656.63,212.82,215.89,3.07,19.95
INV-11466,01-01-2025,RST-111,Pike Place Italian,Seattle,ING-001,Prime Angus Beef Patty,Meat & Poultry,lbs,6.5,460.89,404.25,551.04,312.92,314.1,1.18,7.67
INV-11467,01-03-2025,RST-111,Pike Place Italian,Seattle,ING-002,Chicken Breast,Meat & Poultry,lbs,4.2,322.46,223.92,329.77,210.6,216.61,6.01,25.24
INV-11468,01-10-2025,RST-111,Pike Place Italian,Seattle,ING-002,Chicken Breast,Meat & Poultry,lbs,4.2,893.58,340.37,856.77,367.42,377.18,9.76,40.99
INV-11469,01-02-2025,RST-111,Pike Place Italian,Seattle,ING-002,Chicken Breast,Meat & Poultry,lbs,4.2,551.01,284.65,583.45,249.92,252.21,2.29,9.62
INV-11470,01-04-2025,RST-111,Pike Place Italian,Seattle,ING-003,Ribeye Steak,Meat & Poultry,lbs,14.5,1353.67,1037.83,1660.29,727,731.21,4.21,61.05
INV-11471,01-01-2025,RST-111,Pike Place Italian,Seattle,ING-003,Ribeye Steak,Meat & Poultry,lbs,14.5,381.66,403.45,469.49,310.27,315.62,5.35,77.57
INV-11472,01-09-2025,RST-111,Pike Place Italian,Seattle,ING-003,Ribeye Steak,Meat & Poultry,lbs,14.5,444.41,261.88,499.65,202.59,206.64,4.05,58.72
INV-11473,01-06-2025,RST-111,Pike Place Italian,Seattle,ING-003,Ribeye Steak,Meat & Poultry,lbs,14.5,374.91,303.56,479.44,195.49,199.03,3.54,51.33
INV-11474,01-06-2025,RST-111,Pike Place Italian,Seattle,ING-004,Pork Shoulder,Meat & Poultry,lbs,3.8,341.63,174,354.3,156.19,161.33,5.14,19.53
INV-11475,01-11-2025,RST-111,Pike Place Italian,Seattle,ING-004,Pork Shoulder,Meat & Poultry,lbs,3.8,511.8,279.7,527.86,253.93,263.64,9.71,36.9
INV-11476,01-07-2025,RST-111,Pike Place Italian,Seattle,ING-004,Pork Shoulder,Meat & Poultry,lbs,3.8,767.29,677.6,883.5,556.92,561.39,4.47,16.99
INV-11477,01-01-2025,RST-111,Pike Place Italian,Seattle,ING-004,Pork Shoulder,Meat & Poultry,lbs,3.8,1026.24,618.75,1196.18,447.26,448.81,1.55,5.89
INV-11478,01-03-2025,RST-111,Pike Place Italian,Seattle,ING-005,Ground Turkey,Meat & Poultry,lbs,4,567.38,237.92,509.24,294.32,296.06,1.74,6.96
INV-11479,01-11-2025,RST-111,Pike Place Italian,Seattle,ING-005,Ground Turkey,Meat & Poultry,lbs,4,262.28,238.8,309.14,182.01,191.94,9.93,39.72
INV-11480,01-04-2025,RST-111,Pike Place Italian,Seattle,ING-005,Ground Turkey,Meat & Poultry,lbs,4,670.81,694.87,836.01,524.2,529.67,5.47,21.88
INV-11481,01-01-2025,RST-111,Pike Place Italian,Seattle,ING-005,Ground Turkey,Meat & Poultry,lbs,4,464.2,240.35,500.89,193.71,203.66,9.95,39.8
INV-11482,01-09-2025,RST-111,Pike Place Italian,Seattle,ING-005,Ground Turkey,Meat & Poultry,lbs,4,742.5,337.52,701.88,373.05,378.14,5.09,20.36
INV-11483,01-01-2025,RST-111,Pike Place Italian,Seattle,ING-006,Atlantic Salmon Fillet,Seafood,lbs,11.5,863.91,896.15,1235.95,521.9,524.11,2.21,25.41
INV-11484,01-02-2025,RST-111,Pike Place Italian,Seattle,ING-006,Atlantic Salmon Fillet,Seafood,lbs,11.5,646.82,925.24,1033.57,536.48,538.49,2.01,23.11
INV-11485,01-11-2025,RST-111,Pike Place Italian,Seattle,ING-006,Atlantic Salmon Fillet,Seafood,lbs,11.5,263.99,189.73,289.12,161.67,164.6,2.93,33.7
INV-11486,01-07-2025,RST-111,Pike Place Italian,Seattle,ING-006,Atlantic Salmon Fillet,Seafood,lbs,11.5,852.96,400.68,769.43,480.33,484.21,3.88,44.62
INV-11487,01-05-2025,RST-111,Pike Place Italian,Seattle,ING-006,Atlantic Salmon Fillet,Seafood,lbs,11.5,1314.11,955.76,1635.81,626.78,634.06,7.28,83.72
INV-11488,01-09-2025,RST-111,Pike Place Italian,Seattle,ING-007,Jumbo Shrimp,Seafood,lbs,12,324.26,177.48,364.09,133.72,137.65,3.93,47.16
INV-11489,01-05-2025,RST-111,Pike Place Italian,Seattle,ING-007,Jumbo Shrimp,Seafood,lbs,12,332.58,166.38,291.91,202.78,207.05,4.27,51.24
INV-11490,01-11-2025,RST-111,Pike Place Italian,Seattle,ING-007,Jumbo Shrimp,Seafood,lbs,12,1039.47,662.58,1254.58,445.47,447.47,2,24
INV-11491,01-01-2025,RST-111,Pike Place Italian,Seattle,ING-007,Jumbo Shrimp,Seafood,lbs,12,344.36,195.2,342.27,196.04,197.29,1.25,15
INV-11492,01-06-2025,RST-111,Pike Place Italian,Seattle,ING-007,Jumbo Shrimp,Seafood,lbs,12,763.73,1016.34,1154.51,623.26,625.56,2.3,27.6
INV-11493,01-08-2025,RST-111,Pike Place Italian,Seattle,ING-008,Yellowfin Tuna,Seafood,lbs,16,687.15,792.26,901.81,568.97,577.6,8.63,138.08
INV-11494,01-02-2025,RST-111,Pike Place Italian,Seattle,ING-008,Yellowfin Tuna,Seafood,lbs,16,445.11,405.31,510.9,331.98,339.52,7.54,120.64
INV-11495,01-06-2025,RST-111,Pike Place Italian,Seattle,ING-008,Yellowfin Tuna,Seafood,lbs,16,249.17,160.85,232.1,169.75,177.92,8.17,130.72
INV-11496,01-05-2025,RST-111,Pike Place Italian,Seattle,ING-009,Lobster Tail,Seafood,lbs,22,1122.55,1171.44,1581.94,704.02,712.05,8.03,176.66
INV-11497,01-09-2025,RST-111,Pike Place Italian,Seattle,ING-009,Lobster Tail,Seafood,lbs,22,1071.26,10159.18,1333.55,705.02,708.49,86.75,1908.5
INV-11498,01-03-2025,RST-111,Pike Place Italian,Seattle,ING-009,Lobster Tail,Seafood,lbs,22,767.19,867.56,995.04,635.66,639.71,4.05,89.1
INV-11499,01-08-2025,RST-111,Pike Place Italian,Seattle,ING-010,Aged Cheddar Slices,Dairy & Cheese,lbs,5.1,477.37,533.02,610.59,392.85,399.8,6.95,35.45
INV-11500,01-01-2025,RST-111,Pike Place Italian,Seattle,ING-010,Aged Cheddar Slices,Dairy & Cheese,lbs,5.1,1045.66,664.74,1224.06,484.74,486.34,1.6,8.16
INV-11501,01-12-2025,RST-111,Pike Place Italian,Seattle,ING-010,Aged Cheddar Slices,Dairy & Cheese,lbs,5.1,347.06,188.86,358.51,175.69,177.41,1.72,8.77
INV-11502,01-03-2025,RST-111,Pike Place Italian,Seattle,ING-010,Aged Cheddar Slices,Dairy & Cheese,lbs,5.1,728.38,428.07,769.73,379.24,386.72,7.48,38.15
INV-11503,01-01-2025,RST-111,Pike Place Italian,Seattle,ING-011,Mozzarella Cheese,Dairy & Cheese,lbs,4.5,1347.36,844.28,1543.29,643.22,648.35,5.13,23.09
INV-11504,01-07-2025,RST-111,Pike Place Italian,Seattle,ING-011,Mozzarella Cheese,Dairy & Cheese,lbs,4.5,1078.36,703.16,1257.39,517.51,524.13,6.62,29.79
INV-11505,01-06-2025,RST-111,Pike Place Italian,Seattle,ING-011,Mozzarella Cheese,Dairy & Cheese,lbs,4.5,396.74,258.95,488.54,162.78,167.15,4.37,19.66
INV-11506,01-05-2025,RST-111,Pike Place Italian,Seattle,ING-011,Mozzarella Cheese,Dairy & Cheese,lbs,4.5,587.65,391.87,510.43,465.83,469.09,3.26,14.67
INV-11507,01-04-2025,RST-111,Pike Place Italian,Seattle,ING-011,Mozzarella Cheese,Dairy & Cheese,lbs,4.5,1265.39,745.26,1456.55,548.31,554.1,5.79,26.05
INV-11508,01-02-2025,RST-111,Pike Place Italian,Seattle,ING-012,Heavy Cream,Dairy & Cheese,quarts,3.2,914.63,1090.54,1304.22,694.4,700.95,6.55,20.96
INV-11509,01-12-2025,RST-111,Pike Place Italian,Seattle,ING-012,Heavy Cream,Dairy & Cheese,quarts,3.2,772.94,725.79,1001.47,489.11,497.26,8.15,26.08
INV-11510,01-03-2025,RST-111,Pike Place Italian,Seattle,ING-012,Heavy Cream,Dairy & Cheese,quarts,3.2,328.27,156.24,302.3,173.36,182.21,8.85,28.32
INV-11511,01-01-2025,RST-111,Pike Place Italian,Seattle,ING-013,Unsalted Butter,Dairy & Cheese,lbs,3.8,570.2,613.05,714.49,464.23,468.76,4.53,17.21
INV-11512,01-03-2025,RST-111,Pike Place Italian,Seattle,ING-013,Unsalted Butter,Dairy & Cheese,lbs,3.8,1004.02,681.38,1200.41,475.13,484.99,9.86,37.47
INV-11513,01-09-2025,RST-111,Pike Place Italian,Seattle,ING-013,Unsalted Butter,Dairy & Cheese,lbs,3.8,333.92,232.56,371.86,189.87,194.62,4.75,18.05
INV-11514,01-10-2025,RST-111,Pike Place Italian,Seattle,ING-013,Unsalted Butter,Dairy & Cheese,lbs,3.8,976.19,700.18,1140.01,531.47,536.36,4.89,18.58
INV-11515,01-04-2025,RST-111,Pike Place Italian,Seattle,ING-014,Parmesan Reggiano,Dairy & Cheese,lbs,9.5,369.2,248.72,360.19,248.43,257.73,9.3,88.35
INV-11516,01-11-2025,RST-111,Pike Place Italian,Seattle,ING-014,Parmesan Reggiano,Dairy & Cheese,lbs,9.5,1444.11,780.32,1564.66,654.23,659.77,5.54,52.63
INV-11517,01-09-2025,RST-111,Pike Place Italian,Seattle,ING-014,Parmesan Reggiano,Dairy & Cheese,lbs,9.5,614.55,524.39,735.85,401.82,403.09,1.27,12.06
INV-11518,01-05-2025,RST-111,Pike Place Italian,Seattle,ING-014,Parmesan Reggiano,Dairy & Cheese,lbs,9.5,436.82,288.12,534.45,185.68,190.49,4.81,45.69
INV-11519,01-10-2025,RST-111,Pike Place Italian,Seattle,ING-015,Hass Avocado,Produce,units,1.25,2643.26,2521.49,3539.19,1621.6,1625.56,3.96,4.95
INV-11520,01-09-2025,RST-111,Pike Place Italian,Seattle,ING-015,Hass Avocado,Produce,units,1.25,1305.22,1351.67,1894.46,759.4,762.43,3.03,3.79
INV-11521,01-12-2025,RST-111,Pike Place Italian,Seattle,ING-015,Hass Avocado,Produce,units,1.25,3510.94,1734.74,3248.68,1991.61,1997,5.39,6.74
INV-11522,01-05-2025,RST-111,Pike Place Italian,Seattle,ING-015,Hass Avocado,Produce,units,1.25,4155.67,3721.49,5647.93,2225.63,2229.23,3.6,4.5
INV-11523,01-12-2025,RST-111,Pike Place Italian,Seattle,ING-016,Romaine Lettuce,Produce,lbs,1.8,296.82,177.62,278.12,188.02,196.32,8.3,14.94
INV-11524,01-01-2025,RST-111,Pike Place Italian,Seattle,ING-016,Romaine Lettuce,Produce,lbs,1.8,521.9,426.62,698.05,244.72,250.47,5.75,10.35
INV-11525,01-09-2025,RST-111,Pike Place Italian,Seattle,ING-016,Romaine Lettuce,Produce,lbs,1.8,811.54,507.8,863.04,451.02,456.3,5.28,9.5
INV-11526,01-05-2025,RST-111,Pike Place Italian,Seattle,ING-016,Romaine Lettuce,Produce,lbs,1.8,1220.59,854.67,1574.68,491.82,500.58,8.76,15.77
INV-11527,01-03-2025,RST-111,Pike Place Italian,Seattle,ING-016,Romaine Lettuce,Produce,lbs,1.8,1225.84,988.05,1526.9,677.93,686.99,9.06,16.31
INV-11528,01-03-2025,RST-111,Pike Place Italian,Seattle,ING-017,Idaho Russet Potatoes,Produce,lbs,0.85,679.34,691.39,926.23,438.53,444.5,5.97,5.07
INV-11529,01-02-2025,RST-111,Pike Place Italian,Seattle,ING-017,Idaho Russet Potatoes,Produce,lbs,0.85,857.88,678.6,1000.29,529.63,536.19,6.56,5.58
INV-11530,01-05-2025,RST-111,Pike Place Italian,Seattle,ING-017,Idaho Russet Potatoes,Produce,lbs,0.85,529.49,639.81,800.51,363.19,368.79,5.6,4.76
INV-11531,01-11-2025,RST-111,Pike Place Italian,Seattle,ING-018,Roma Tomatoes,Produce,lbs,1.5,1284.72,701.66,1347.57,631.9,638.81,6.91,10.37
INV-11532,01-12-2025,RST-111,Pike Place Italian,Seattle,ING-018,Roma Tomatoes,Produce,lbs,1.5,382.13,246.29,385.61,236.8,242.81,6.01,9.02
INV-11533,01-04-2025,RST-111,Pike Place Italian,Seattle,ING-018,Roma Tomatoes,Produce,lbs,1.5,411.11,193.09,430.88,170.35,173.32,2.97,4.46
INV-11534,01-06-2025,RST-111,Pike Place Italian,Seattle,ING-018,Roma Tomatoes,Produce,lbs,1.5,659.55,564.34,796.99,422.76,426.9,4.14,6.21
INV-11535,01-09-2025,RST-111,Pike Place Italian,Seattle,ING-019,Red Onions,Produce,lbs,0.9,345.21,367.4,476.62,229.92,235.99,6.07,5.46
INV-11536,01-02-2025,RST-111,Pike Place Italian,Seattle,ING-019,Red Onions,Produce,lbs,0.9,182.4,125.32,201.94,103.75,105.78,2.03,1.83
INV-11537,01-10-2025,RST-111,Pike Place Italian,Seattle,ING-019,Red Onions,Produce,lbs,0.9,1139.79,820.51,1413.25,539.49,547.05,7.56,6.8
INV-11538,01-03-2025,RST-111,Pike Place Italian,Seattle,ING-020,Fresh Basil,Produce,bunches,0.3,532.63,312.93,609.26,233.92,236.3,2.38,0.71
INV-11539,01-05-2025,RST-111,Pike Place Italian,Seattle,ING-020,Fresh Basil,Produce,bunches,0.3,744.6,718.75,1032.59,428.63,430.76,2.13,0.64
INV-11540,01-11-2025,RST-111,Pike Place Italian,Seattle,ING-020,Fresh Basil,Produce,bunches,0.3,1248.06,805.59,1382.3,668.89,671.35,2.46,0.74
INV-11541,01-07-2025,RST-111,Pike Place Italian,Seattle,ING-021,Wild Mushrooms,Produce,lbs,6,187.65,154.07,217.27,115.25,124.45,9.2,55.2
INV-11542,01-04-2025,RST-111,Pike Place Italian,Seattle,ING-021,Wild Mushrooms,Produce,lbs,6,888.09,580.7,812.23,650.26,656.56,6.3,37.8
INV-11543,01-10-2025,RST-111,Pike Place Italian,Seattle,ING-021,Wild Mushrooms,Produce,lbs,6,689.46,757.75,991.98,445.88,455.23,9.35,56.1
INV-11544,01-08-2025,RST-111,Pike Place Italian,Seattle,ING-021,Wild Mushrooms,Produce,lbs,6,852.67,428.23,911.57,361.7,369.33,7.63,45.78
INV-11545,01-09-2025,RST-111,Pike Place Italian,Seattle,ING-021,Wild Mushrooms,Produce,lbs,6,556.47,707.35,849.37,409.36,414.45,5.09,30.54
INV-11546,01-05-2025,RST-111,Pike Place Italian,Seattle,ING-022,Spinach,Produce,lbs,2.2,1207.71,607.34,1165.24,646.68,649.81,3.13,6.89
INV-11547,01-09-2025,RST-111,Pike Place Italian,Seattle,ING-022,Spinach,Produce,lbs,2.2,565.46,418.01,586.48,391.18,396.99,5.81,12.78
INV-11548,01-02-2025,RST-111,Pike Place Italian,Seattle,ING-022,Spinach,Produce,lbs,2.2,1104.4,972.68,1426.99,641.2,650.09,8.89,19.56
INV-11549,01-01-2025,RST-111,Pike Place Italian,Seattle,ING-022,Spinach,Produce,lbs,2.2,541.19,374.71,671.09,240.6,244.81,4.21,9.26
INV-11550,01-01-2025,RST-111,Pike Place Italian,Seattle,ING-023,Brioche Burger Buns,Bakery,units,0.45,3155.34,2749.73,3393.68,2507.87,2511.39,3.52,1.58
INV-11551,01-12-2025,RST-111,Pike Place Italian,Seattle,ING-023,Brioche Burger Buns,Bakery,units,0.45,1228.66,865.22,1308.54,779.64,785.34,5.7,2.56
INV-11552,01-11-2025,RST-111,Pike Place Italian,Seattle,ING-023,Brioche Burger Buns,Bakery,units,0.45,3603.86,3229.83,,2125.63,2129.66,4.03,1.81
INV-11553,01-02-2025,RST-111,Pike Place Italian,Seattle,ING-023,Brioche Burger Buns,Bakery,units,0.45,,951.18,1992.82,1154.74,1156.46,1.72,0.77
INV-11554,01-10-2025,RST-111,Pike Place Italian,Seattle,ING-023,Brioche Burger Buns,Bakery,units,0.45,3606.47,2262.06,4380.02,1486.72,1488.51,1.79,0.81
INV-11555,01-03-2025,RST-111,Pike Place Italian,Seattle,ING-024,Sourdough Loaf,Bakery,units,2.5,3142.29,2010.3,3530.62,1614.95,1621.97,7.02,17.55
INV-11556,01-05-2025,RST-111,Pike Place Italian,Seattle,ING-024,Sourdough Loaf,Bakery,units,2.5,2492.59,2733.01,3186.01,2037.79,2039.59,1.8,4.5
INV-11557,01-06-2025,RST-111,Pike Place Italian,Seattle,ING-024,Sourdough Loaf,Bakery,units,2.5,1044.3,496.08,1067.71,468.6,472.67,4.07,10.18
INV-11558,01-01-2025,RST-111,Pike Place Italian,Seattle,ING-024,Sourdough Loaf,Bakery,units,2.5,812.16,887.1,1127.2,566.62,572.06,5.44,13.6
INV-11559,01-10-2025,RST-111,Pike Place Italian,Seattle,ING-025,Tortilla Wraps,Bakery,units,0.25,4190.46,3611.27,5301.15,2493.05,2500.58,7.53,1.88
INV-11560,01-11-2025,RST-111,Pike Place Italian,Seattle,ING-025,Tortilla Wraps,Bakery,units,0.25,2221.11,1338.5,2609.63,945.12,949.98,4.86,1.22
INV-11561,01-09-2025,RST-111,Pike Place Italian,Seattle,ING-025,Tortilla Wraps,Bakery,units,0.25,2119.61,1359.24,2601.91,874.07,876.94,2.87,0.72
INV-11562,01-02-2025,RST-111,Pike Place Italian,Seattle,ING-025,Tortilla Wraps,Bakery,units,0.25,2878.91,1911.55,3504.52,1278.05,1285.94,7.89,1.97
INV-11563,01-03-2025,RST-111,Pike Place Italian,Seattle,ING-026,Truffle Mayo,Condiments & Oils,fl oz,0.35,4098.08,3537.31,5475.13,2152.4,2160.26,7.86,2.75
INV-11564,01-01-2025,RST-111,Pike Place Italian,Seattle,ING-026,Truffle Mayo,Condiments & Oils,fl oz,0.35,1377.79,856.26,1673.7,551.57,560.35,8.78,3.07
INV-11565,01-07-2025,RST-111,Pike Place Italian,Seattle,ING-026,Truffle Mayo,Condiments & Oils,fl oz,0.35,4841.72,1909.72,4654.2,2093.11,2097.24,4.13,1.45
INV-11566,01-06-2025,RST-111,Pike Place Italian,Seattle,ING-026,Truffle Mayo,Condiments & Oils,fl oz,0.35,3916.65,2352.54,3582.41,2678.69,2686.78,8.09,2.83
INV-11567,01-02-2025,RST-111,Pike Place Italian,Seattle,ING-026,Truffle Mayo,Condiments & Oils,fl oz,0.35,3630.61,4255.41,5306.58,2572.26,2579.44,7.18,2.51
INV-11568,01-01-2025,RST-111,Pike Place Italian,Seattle,ING-027,Extra Virgin Olive Oil,Condiments & Oils,fl oz,0.4,5559.66,3445.83,6502.95,2494.51,2502.54,8.03,3.21
INV-11569,01-10-2025,RST-111,Pike Place Italian,Seattle,ING-027,Extra Virgin Olive Oil,Condiments & Oils,fl oz,0.4,1136.82,1503.94,1740.47,898.61,900.29,1.68,0.67
INV-11570,01-08-2025,RST-111,Pike Place Italian,Seattle,ING-027,Extra Virgin Olive Oil,Condiments & Oils,fl oz,0.4,2191,1259.51,2400.23,1041.39,1050.28,8.89,3.56
INV-11571,01-02-2025,RST-111,Pike Place Italian,Seattle,ING-027,Extra Virgin Olive Oil,Condiments & Oils,fl oz,0.4,1427.83,1293,1539.88,1174.75,1180.95,6.2,2.48
INV-11572,01-11-2025,RST-111,Pike Place Italian,Seattle,ING-027,Extra Virgin Olive Oil,Condiments & Oils,fl oz,0.4,2610.71,2309.41,3533.47,1377.44,1386.65,9.21,3.68
INV-11573,01-04-2025,RST-111,Pike Place Italian,Seattle,ING-028,Soy Sauce,Condiments & Oils,fl oz,0.15,510.36,530.8,614.68,421.08,426.48,5.4,0.81
INV-11574,01-12-2025,RST-111,Pike Place Italian,Seattle,ING-028,Soy Sauce,Condiments & Oils,fl oz,0.15,960.02,501.8,997.1,458.68,464.72,6.04,0.91
INV-11575,01-11-2025,RST-111,Pike Place Italian,Seattle,ING-028,Soy Sauce,Condiments & Oils,fl oz,0.15,1675.77,1427.35,1917.64,1182.39,1185.48,3.09,0.46
INV-11576,01-03-2025,RST-111,Pike Place Italian,Seattle,ING-028,Soy Sauce,Condiments & Oils,fl oz,0.15,2611.37,2342.67,3161.14,1790.48,1792.9,2.42,0.36
INV-11577,01-01-2025,RST-111,Pike Place Italian,Seattle,ING-028,Soy Sauce,Condiments & Oils,fl oz,0.15,4675.33,1952.37,4477.96,2144.53,2149.74,5.21,0.78
INV-11578,01-09-2025,RST-111,Pike Place Italian,Seattle,ING-029,Balsamic Glaze,Condiments & Oils,fl oz,0.5,6338.4,3112.52,6574.71,2867.61,2876.21,8.6,4.3
INV-11579,01-04-2025,RST-111,Pike Place Italian,Seattle,ING-029,Balsamic Glaze,Condiments & Oils,fl oz,0.5,3471.08,2473.65,4417.8,1524.23,1526.93,2.7,1.35
INV-11580,01-01-2025,RST-111,Pike Place Italian,Seattle,ING-029,Balsamic Glaze,Condiments & Oils,fl oz,0.5,3507.48,2439.69,3720.53,2222.97,2226.64,3.67,1.83
INV-11581,01-05-2025,RST-111,Pike Place Italian,Seattle,ING-030,Craft IPA Beer Keg,Beverages & Draft,pints,1.1,6229.61,3283.65,6585.9,2923.49,2927.36,3.87,4.26
INV-11582,01-08-2025,RST-111,Pike Place Italian,Seattle,ING-030,Craft IPA Beer Keg,Beverages & Draft,pints,1.1,3154.53,1482.22,3067.84,1566.21,1568.91,2.7,2.97
INV-11583,01-03-2025,RST-111,Pike Place Italian,Seattle,ING-030,Craft IPA Beer Keg,Beverages & Draft,pints,1.1,4039.08,3109.26,4504.97,2634.53,2643.37,8.84,9.72
INV-11584,01-09-2025,RST-111,Pike Place Italian,Seattle,ING-031,House Red Wine,Beverages & Draft,glasses,2.5,4832.98,2446.72,5010.72,2260.46,2268.98,8.52,21.3
INV-11585,01-03-2025,RST-111,Pike Place Italian,Seattle,ING-031,House Red Wine,Beverages & Draft,glasses,2.5,2622.14,1127.12,2522.94,1223.8,1226.32,2.52,6.3
INV-11586,01-07-2025,RST-111,Pike Place Italian,Seattle,ING-031,House Red Wine,Beverages & Draft,glasses,2.5,2407.99,1765.07,2947.42,1221.07,1225.64,4.57,11.43
INV-11587,01-07-2025,RST-111,Pike Place Italian,Seattle,ING-032,Espresso Beans,Beverages & Draft,oz,0.6,2440.91,1994.1,2411.35,2021.76,2023.66,1.9,1.14
INV-11588,01-06-2025,RST-111,Pike Place Italian,Seattle,ING-032,Espresso Beans,Beverages & Draft,oz,0.6,2489.95,1134.07,2275.24,1344.64,1348.78,4.14,2.48
INV-11589,01-12-2025,RST-111,Pike Place Italian,Seattle,ING-032,Espresso Beans,Beverages & Draft,oz,0.6,1767.41,1094.7,1990.78,865.87,871.33,5.46,3.28
INV-11590,01-01-2025,RST-111,Pike Place Italian,Seattle,ING-033,Cold Brew Concentrate,Beverages & Draft,fl oz,0.45,4427.46,1780.82,4388.86,1818.19,1819.42,1.23,0.55
INV-11591,01-10-2025,RST-111,Pike Place Italian,Seattle,ING-033,Cold Brew Concentrate,Beverages & Draft,fl oz,0.45,986.71,432.94,907.56,502.46,512.09,9.63,4.33
INV-11592,01-04-2025,RST-111,Pike Place Italian,Seattle,ING-033,Cold Brew Concentrate,Beverages & Draft,fl oz,0.45,1227.48,1247.76,1703.24,769.03,772,2.97,1.34
INV-11593,01-12-2025,RST-111,Pike Place Italian,Seattle,ING-033,Cold Brew Concentrate,Beverages & Draft,fl oz,0.45,2099.55,1110.22,2175.09,1031.72,1034.68,2.96,1.33
INV-10918,01-01-2025,RST-106,Sunset Strip Burgers,Los Angeles,ING-030,Craft IPA Beer Keg,Beverages & Draft,pints,1.1,6380.52,2357.65,5970.9,2765.33,2767.27,1.94,2.13
INV-11121,01-04-2025,RST-108,Soma Tapas Bar,San Francisco,ING-014,Parmesan Reggiano,Dairy & Cheese,lbs,9.5,526.21,376.81,663.22,235.06,239.8,4.74,45.03
INV-11277,01-08-2025,RST-109,Bayview Sushi & Raw,San Francisco,ING-020,Fresh Basil,Produce,bunches,0.3,1232.24,648.61,1348.85,522.89,532,9.11,2.73
INV-10362,01-06-2025,RST-102,Harborfront Seafood,Boston,ING-025,Tortilla Wraps,Bakery,units,0.25,1712.37,1495.28,2371.46,834.54,836.19,1.65,0.41
INV-11582,01-08-2025,RST-111,Pike Place Italian,Seattle,ING-030,Craft IPA Beer Keg,Beverages & Draft,pints,1.1,3154.53,1482.22,3067.84,1566.21,1568.91,2.7,2.97
INV-10100,01-12-2025,RST-100,The Downtown Bistro,New York,ING-025,Tortilla Wraps,Bakery,units,0.25,1918.24,1798.06,2408.96,1303.27,1307.34,4.07,1.02
INV-11210,01-12-2025,RST-109,Bayview Sushi & Raw,San Francisco,ING-003,Ribeye Steak,Meat & Poultry,lbs,14.5,205.42,190.41,283.51,107.37,112.32,4.95,71.78
INV-10555,01-09-2025,RST-104,Midtown Smokehouse,Chicago,ING-006,Atlantic Salmon Fillet,Seafood,lbs,11.5,552.18,284.8,504.81,327.84,332.17,4.33,49.8
INV-11081,01-05-2025,RST-108,Soma Tapas Bar,San Francisco,ING-003,Ribeye Steak,Meat & Poultry,lbs,14.5,483.87,275.37,560.76,193.6,198.48,4.88,70.76
INV-10681,01-09-2025,RST-105,Loop Craft Kitchen,Chicago,ING-003,Ribeye Steak,Meat & Poultry,lbs,14.5,468.11,346.43,608,198.65,206.54,7.89,114.41
INV-10608,01-12-2025,RST-104,Midtown Smokehouse,Chicago,ING-019,Red Onions,Produce,lbs,0.9,659.17,355.64,,397.91,403.29,5.38,4.84
INV-10317,01-10-2025,RST-102,Harborfront Seafood,Boston,ING-014,Parmesan Reggiano,Dairy & Cheese,lbs,9.5,1170.46,490.76,1043.91,609.46,617.31,7.85,74.58
INV-10591,01-11-2025,RST-104,Midtown Smokehouse,Chicago,ING-014,Parmesan Reggiano,Dairy & Cheese,lbs,9.5,525.63,472.42,626.01,370.54,372.04,1.5,14.25
INV-11563,01-03-2025,RST-111,Pike Place Italian,Seattle,ING-026,Truffle Mayo,Condiments & Oils,fl oz,0.35,4098.08,3537.31,5475.13,2152.4,2160.26,7.86,2.75
INV-11287,01-11-2025,RST-109,Bayview Sushi & Raw,San Francisco,ING-023,Brioche Burger Buns,Bakery,units,0.45,4403.45,3491.1,5622.9,2269.38,2271.65,2.27,1.02
INV-10680,01-10-2025,RST-105,Loop Craft Kitchen,Chicago,ING-003,Ribeye Steak,Meat & Poultry,lbs,14.5,379.32,506.38,596.39,287.09,289.31,2.22,32.19
INV-10031,01-08-2025,RST-100,The Downtown Bistro,New York,ING-008,Yellowfin Tuna,Seafood,lbs,16,1162.4,544.09,1161.42,539.2,545.07,5.87,93.92
INV-10252,01-04-2025,RST-101,Uptown Flame & Grill,New York,ING-030,Craft IPA Beer Keg,Beverages & Draft,pints,1.1,5363.26,4412.97,7261.31,2513.76,2514.92,1.16,1.28
INV-10889,01-12-2025,RST-106,Sunset Strip Burgers,Los Angeles,ING-023,Brioche Burger Buns,Bakery,units,0.45,1015.62,898.17,1379.11,531.32,534.68,3.36,1.51
INV-11327,01-04-2025,RST-109,Bayview Sushi & Raw,San Francisco,ING-033,Cold Brew Concentrate,Beverages & Draft,fl oz,0.45,5830.5,2562.64,5739.66,2645.08,2653.48,8.4,3.78
INV-11589,01-12-2025,RST-111,Pike Place Italian,Seattle,ING-032,Espresso Beans,Beverages & Draft,oz,0.6,1767.41,1094.7,1990.78,865.87,871.33,5.46,3.28
INV-10545,01-10-2025,RST-104,Midtown Smokehouse,Chicago,ING-004,Pork Shoulder,Meat & Poultry,lbs,3.8,277.81,171.2,329.16,114.39,119.85,5.46,20.75
INV-11542,01-04-2025,RST-111,Pike Place Italian,Seattle,ING-021,Wild Mushrooms,Produce,lbs,6,888.09,580.7,812.23,650.26,656.56,6.3,37.8
INV-10136,01-06-2025,RST-100,The Downtown Bistro,New York,ING-033,Cold Brew Concentrate,Beverages & Draft,fl oz,0.45,4509.01,2064.13,4276.02,2287.85,2297.12,9.27,4.17
INV-10030,01-01-2025,RST-100,The Downtown Bistro,New York,ING-008,Yellowfin Tuna,Seafood,lbs,16,1221.26,937.37,1438.75,711.34,719.88,8.54,136.64
